"ref_area.label","source.label","indicator.label","sex.label","time","obs_value","obs_status.label","note_indicator.label","note_source.label"
"Bolivia (Plurinational State of)","LFS - Continuous Employment Survey","Share of persons outside the labour force due to care responsibilities by sex (%)","Sex: Total","2023",28.889,,,"Repository: ILO-STATISTICS - Micro data processing"
"Bolivia (Plurinational State of)","LFS - Continuous Employment Survey","Share of persons outside the labour force due to care responsibilities by sex (%)","Sex: Male","2023",1.545,,,"Repository: ILO-STATISTICS - Micro data processing"
"Bolivia (Plurinational State of)","LFS - Continuous Employment Survey","Share of persons outside the labour force due to care responsibilities by sex (%)","Sex: Female","2023",43.494,,,"Repository: ILO-STATISTICS - Micro data processing"
"Bolivia (Plurinational State of)","LFS - Continuous Employment Survey","Share of persons outside the labour force due to care responsibilities by sex (%)","Sex: Total","2022",29.646,,,"Repository: ILO-STATISTICS - Micro data processing"
"Bolivia (Plurinational State of)","LFS - Continuous Employment Survey","Share of persons outside the labour force due to care responsibilities by sex (%)","Sex: Male","2022",1.131,,,"Repository: ILO-STATISTICS - Micro data processing"
"Bolivia (Plurinational State of)","LFS - Continuous Employment Survey","Share of persons outside the labour force due to care responsibilities by sex (%)","Sex: Female","2022",44.063,,,"Repository: ILO-STATISTICS - Micro data processing"
"Bolivia (Plurinational State of)","LFS - Continuous Employment Survey","Share of persons outside the labour force due to care responsibilities by sex (%)","Sex: Total","2021",30.039,"Break in series","Break in series: Methodology revised","Repository: ILO-STATISTICS - Micro data processing"
"Bolivia (Plurinational State of)","LFS - Continuous Employment Survey","Share of persons outside the labour force due to care responsibilities by sex (%)","Sex: Male","2021",0.998,"Break in series","Break in series: Methodology revised","Repository: ILO-STATISTICS - Micro data processing"
"Bolivia (Plurinational State of)","LFS - Continuous Employment Survey","Share of persons outside the labour force due to care responsibilities by sex (%)","Sex: Female","2021",44.613,"Break in series","Break in series: Methodology revised","Repository: ILO-STATISTICS - Micro data processing"
"Bolivia (Plurinational State of)","HIES - Household Survey","Share of persons outside the labour force due to care responsibilities by sex (%)","Sex: Total","2020",32.894,,,"Repository: ILO-STATISTICS - Micro data processing"
"Bolivia (Plurinational State of)","HIES - Household Survey","Share of persons outside the labour force due to care responsibilities by sex (%)","Sex: Male","2020",1.713,,,"Repository: ILO-STATISTICS - Micro data processing"
"Bolivia (Plurinational State of)","HIES - Household Survey","Share of persons outside the labour force due to care responsibilities by sex (%)","Sex: Female","2020",46.965,,,"Repository: ILO-STATISTICS - Micro data processing"
"Bolivia (Plurinational State of)","LFS - Continuous Employment Survey","Share of persons outside the labour force due to care responsibilities by sex (%)","Sex: Total","2019",31.933,,,"Repository: ILO-STATISTICS - Micro data processing"
"Bolivia (Plurinational State of)","LFS - Continuous Employment Survey","Share of persons outside the labour force due to care responsibilities by sex (%)","Sex: Male","2019",0.602,,,"Repository: ILO-STATISTICS - Micro data processing"
"Bolivia (Plurinational State of)","LFS - Continuous Employment Survey","Share of persons outside the labour force due to care responsibilities by sex (%)","Sex: Female","2019",47.805,,,"Repository: ILO-STATISTICS - Micro data processing"
"Bolivia (Plurinational State of)","LFS - Continuous Employment Survey","Share of persons outside the labour force due to care responsibilities by sex (%)","Sex: Total","2018",32.372,,,"Repository: ILO-STATISTICS - Micro data processing"
"Bolivia (Plurinational State of)","LFS - Continuous Employment Survey","Share of persons outside the labour force due to care responsibilities by sex (%)","Sex: Male","2018",0.638,,,"Repository: ILO-STATISTICS - Micro data processing"
"Bolivia (Plurinational State of)","LFS - Continuous Employment Survey","Share of persons outside the labour force due to care responsibilities by sex (%)","Sex: Female","2018",48.662,,,"Repository: ILO-STATISTICS - Micro data processing"
"Bolivia (Plurinational State of)","LFS - Continuous Employment Survey","Share of persons outside the labour force due to care responsibilities by sex (%)","Sex: Total","2017",32.77,,,"Repository: ILO-STATISTICS - Micro data processing"
"Bolivia (Plurinational State of)","LFS - Continuous Employment Survey","Share of persons outside the labour force due to care responsibilities by sex (%)","Sex: Male","2017",0.501,,,"Repository: ILO-STATISTICS - Micro data processing"
"Bolivia (Plurinational State of)","LFS - Continuous Employment Survey","Share of persons outside the labour force due to care responsibilities by sex (%)","Sex: Female","2017",49.083,,,"Repository: ILO-STATISTICS - Micro data processing"
"Bolivia (Plurinational State of)","LFS - Continuous Employment Survey","Share of persons outside the labour force due to care responsibilities by sex (%)","Sex: Total","2016",33.685,"Break in series","Break in series: Methodology revised","Repository: ILO-STATISTICS - Micro data processing"
"Bolivia (Plurinational State of)","LFS - Continuous Employment Survey","Share of persons outside the labour force due to care responsibilities by sex (%)","Sex: Male","2016",0.76,"Break in series","Break in series: Methodology revised","Repository: ILO-STATISTICS - Micro data processing"
"Bolivia (Plurinational State of)","LFS - Continuous Employment Survey","Share of persons outside the labour force due to care responsibilities by sex (%)","Sex: Female","2016",49.918,"Break in series","Break in series: Methodology revised","Repository: ILO-STATISTICS - Micro data processing"
"Bolivia (Plurinational State of)","HIES - Household Survey","Share of persons outside the labour force due to care responsibilities by sex (%)","Sex: Total","2015",36.199,,,"Repository: ILO-STATISTICS - Micro data processing"
"Bolivia (Plurinational State of)","HIES - Household Survey","Share of persons outside the labour force due to care responsibilities by sex (%)","Sex: Male","2015",0.433,"Unreliable",,"Repository: ILO-STATISTICS - Micro data processing"
"Bolivia (Plurinational State of)","HIES - Household Survey","Share of persons outside the labour force due to care responsibilities by sex (%)","Sex: Female","2015",51.356,,,"Repository: ILO-STATISTICS - Micro data processing"
"Bolivia (Plurinational State of)","HIES - Household Survey","Share of persons outside the labour force due to care responsibilities by sex (%)","Sex: Total","2014",34.165,,,"Repository: ILO-STATISTICS - Micro data processing"
"Bolivia (Plurinational State of)","HIES - Household Survey","Share of persons outside the labour force due to care responsibilities by sex (%)","Sex: Male","2014",0.621,,,"Repository: ILO-STATISTICS - Micro data processing"
"Bolivia (Plurinational State of)","HIES - Household Survey","Share of persons outside the labour force due to care responsibilities by sex (%)","Sex: Female","2014",49.026,,,"Repository: ILO-STATISTICS - Micro data processing"
"Bolivia (Plurinational State of)","HIES - Household Survey","Share of persons outside the labour force due to care responsibilities by sex (%)","Sex: Total","2013",32.824,,,"Repository: ILO-STATISTICS - Micro data processing"
"Bolivia (Plurinational State of)","HIES - Household Survey","Share of persons outside the labour force due to care responsibilities by sex (%)","Sex: Male","2013",0.463,,,"Repository: ILO-STATISTICS - Micro data processing"
"Bolivia (Plurinational State of)","HIES - Household Survey","Share of persons outside the labour force due to care responsibilities by sex (%)","Sex: Female","2013",47.221,,,"Repository: ILO-STATISTICS - Micro data processing"
"Bolivia (Plurinational State of)","HIES - Household Survey","Share of persons outside the labour force due to care responsibilities by sex (%)","Sex: Total","2012",32.877,,,"Repository: ILO-STATISTICS - Micro data processing"
"Bolivia (Plurinational State of)","HIES - Household Survey","Share of persons outside the labour force due to care responsibilities by sex (%)","Sex: Male","2012",0.417,"Unreliable",,"Repository: ILO-STATISTICS - Micro data processing"
"Bolivia (Plurinational State of)","HIES - Household Survey","Share of persons outside the labour force due to care responsibilities by sex (%)","Sex: Female","2012",46.899,,,"Repository: ILO-STATISTICS - Micro data processing"
"Bolivia (Plurinational State of)","HIES - Household Survey","Share of persons outside the labour force due to care responsibilities by sex (%)","Sex: Total","2011",34.337,,,"Repository: ILO-STATISTICS - Micro data processing"
"Bolivia (Plurinational State of)","HIES - Household Survey","Share of persons outside the labour force due to care responsibilities by sex (%)","Sex: Male","2011",1.057,,,"Repository: ILO-STATISTICS - Micro data processing"
"Bolivia (Plurinational State of)","HIES - Household Survey","Share of persons outside the labour force due to care responsibilities by sex (%)","Sex: Female","2011",48.998,,,"Repository: ILO-STATISTICS - Micro data processing"
"Bolivia (Plurinational State of)","HIES - Household Survey","Share of persons outside the labour force due to care responsibilities by sex (%)","Sex: Total","2009",31.455,,,"Repository: ILO-STATISTICS - Micro data processing"
"Bolivia (Plurinational State of)","HIES - Household Survey","Share of persons outside the labour force due to care responsibilities by sex (%)","Sex: Female","2009",45.773,,,"Repository: ILO-STATISTICS - Micro data processing"
"Bolivia (Plurinational State of)","HIES - Household Survey","Share of persons outside the labour force due to care responsibilities by sex (%)","Sex: Total","2008",31.782,,,"Repository: ILO-STATISTICS - Micro data processing"
"Bolivia (Plurinational State of)","HIES - Household Survey","Share of persons outside the labour force due to care responsibilities by sex (%)","Sex: Male","2008",,"Unreliable",,"Repository: ILO-STATISTICS - Micro data processing"
"Bolivia (Plurinational State of)","HIES - Household Survey","Share of persons outside the labour force due to care responsibilities by sex (%)","Sex: Female","2008",45.264,,,"Repository: ILO-STATISTICS - Micro data processing"
"Bolivia (Plurinational State of)","HIES - Household Survey","Share of persons outside the labour force due to care responsibilities by sex (%)","Sex: Total","2007",33.766,,,"Repository: ILO-STATISTICS - Micro data processing"
"Bolivia (Plurinational State of)","HIES - Household Survey","Share of persons outside the labour force due to care responsibilities by sex (%)","Sex: Male","2007",,"Unreliable",,"Repository: ILO-STATISTICS - Micro data processing"
"Bolivia (Plurinational State of)","HIES - Household Survey","Share of persons outside the labour force due to care responsibilities by sex (%)","Sex: Female","2007",47.871,,,"Repository: ILO-STATISTICS - Micro data processing"
"Bolivia (Plurinational State of)","HIES - Household Survey","Share of persons outside the labour force due to care responsibilities by sex (%)","Sex: Total","2006",33.423,,,"Repository: ILO-STATISTICS - Micro data processing"
"Bolivia (Plurinational State of)","HIES - Household Survey","Share of persons outside the labour force due to care responsibilities by sex (%)","Sex: Male","2006",0.364,"Unreliable",,"Repository: ILO-STATISTICS - Micro data processing"
"Bolivia (Plurinational State of)","HIES - Household Survey","Share of persons outside the labour force due to care responsibilities by sex (%)","Sex: Female","2006",48.536,,,"Repository: ILO-STATISTICS - Micro data processing"
"Bolivia (Plurinational State of)","HIES - Household Survey","Share of persons outside the labour force due to care responsibilities by sex (%)","Sex: Total","2005",34.784,"Break in series","Break in series: Methodology revised","Repository: ILO-STATISTICS - Micro data processing"
"Bolivia (Plurinational State of)","HIES - Household Survey","Share of persons outside the labour force due to care responsibilities by sex (%)","Sex: Male","2005",1.081,"Unreliable","Break in series: Methodology revised","Repository: ILO-STATISTICS - Micro data processing"
"Bolivia (Plurinational State of)","HIES - Household Survey","Share of persons outside the labour force due to care responsibilities by sex (%)","Sex: Female","2005",50.191,"Break in series","Break in series: Methodology revised","Repository: ILO-STATISTICS - Micro data processing"
"Bolivia (Plurinational State of)","HIES - Continuous Household Survey","Share of persons outside the labour force due to care responsibilities by sex (%)","Sex: Total","2004",36.57,"Break in series","Break in series: Methodology revised","Repository: ILO-STATISTICS - Micro data processing"
"Bolivia (Plurinational State of)","HIES - Continuous Household Survey","Share of persons outside the labour force due to care responsibilities by sex (%)","Sex: Male","2004",0.606,"Unreliable","Break in series: Methodology revised","Repository: ILO-STATISTICS - Micro data processing"
"Bolivia (Plurinational State of)","HIES - Continuous Household Survey","Share of persons outside the labour force due to care responsibilities by sex (%)","Sex: Female","2004",51.739,"Break in series","Break in series: Methodology revised","Repository: ILO-STATISTICS - Micro data processing"
"Brazil","HS - Continuous National Household Sample Survey","Share of persons outside the labour force due to care responsibilities by sex (%)","Sex: Total","2023",22.046,,,"Repository: ILO-STATISTICS - Micro data processing"
"Brazil","HS - Continuous National Household Sample Survey","Share of persons outside the labour force due to care responsibilities by sex (%)","Sex: Male","2023",4.228,,,"Repository: ILO-STATISTICS - Micro data processing"
"Brazil","HS - Continuous National Household Sample Survey","Share of persons outside the labour force due to care responsibilities by sex (%)","Sex: Female","2023",31.584,,,"Repository: ILO-STATISTICS - Micro data processing"
"Brazil","HS - Continuous National Household Sample Survey","Share of persons outside the labour force due to care responsibilities by sex (%)","Sex: Total","2022",20.966,,,"Repository: ILO-STATISTICS - Micro data processing"
"Brazil","HS - Continuous National Household Sample Survey","Share of persons outside the labour force due to care responsibilities by sex (%)","Sex: Male","2022",4.02,,,"Repository: ILO-STATISTICS - Micro data processing"
"Brazil","HS - Continuous National Household Sample Survey","Share of persons outside the labour force due to care responsibilities by sex (%)","Sex: Female","2022",29.974,,,"Repository: ILO-STATISTICS - Micro data processing"
"Brazil","HS - Continuous National Household Sample Survey","Share of persons outside the labour force due to care responsibilities by sex (%)","Sex: Total","2021",19.993,,,"Repository: ILO-STATISTICS - Micro data processing"
"Brazil","HS - Continuous National Household Sample Survey","Share of persons outside the labour force due to care responsibilities by sex (%)","Sex: Male","2021",3.321,,,"Repository: ILO-STATISTICS - Micro data processing"
"Brazil","HS - Continuous National Household Sample Survey","Share of persons outside the labour force due to care responsibilities by sex (%)","Sex: Female","2021",28.863,,,"Repository: ILO-STATISTICS - Micro data processing"
"Brazil","HS - Continuous National Household Sample Survey","Share of persons outside the labour force due to care responsibilities by sex (%)","Sex: Total","2020",19.725,,,"Repository: ILO-STATISTICS - Micro data processing"
"Brazil","HS - Continuous National Household Sample Survey","Share of persons outside the labour force due to care responsibilities by sex (%)","Sex: Male","2020",2.834,,,"Repository: ILO-STATISTICS - Micro data processing"
"Brazil","HS - Continuous National Household Sample Survey","Share of persons outside the labour force due to care responsibilities by sex (%)","Sex: Female","2020",28.909,,,"Repository: ILO-STATISTICS - Micro data processing"
"Brazil","HS - Continuous National Household Sample Survey","Share of persons outside the labour force due to care responsibilities by sex (%)","Sex: Total","2019",21.586,,,"Repository: ILO-STATISTICS - Micro data processing"
"Brazil","HS - Continuous National Household Sample Survey","Share of persons outside the labour force due to care responsibilities by sex (%)","Sex: Male","2019",3.507,,,"Repository: ILO-STATISTICS - Micro data processing"
"Brazil","HS - Continuous National Household Sample Survey","Share of persons outside the labour force due to care responsibilities by sex (%)","Sex: Female","2019",31.08,,,"Repository: ILO-STATISTICS - Micro data processing"
"Brazil","HS - Continuous National Household Sample Survey","Share of persons outside the labour force due to care responsibilities by sex (%)","Sex: Total","2018",22.698,,,"Repository: ILO-STATISTICS - Micro data processing"
"Brazil","HS - Continuous National Household Sample Survey","Share of persons outside the labour force due to care responsibilities by sex (%)","Sex: Male","2018",3.662,,,"Repository: ILO-STATISTICS - Micro data processing"
"Brazil","HS - Continuous National Household Sample Survey","Share of persons outside the labour force due to care responsibilities by sex (%)","Sex: Female","2018",32.574,,,"Repository: ILO-STATISTICS - Micro data processing"
"Brazil","HS - Continuous National Household Sample Survey","Share of persons outside the labour force due to care responsibilities by sex (%)","Sex: Total","2017",23.834,,,"Repository: ILO-STATISTICS - Micro data processing"
"Brazil","HS - Continuous National Household Sample Survey","Share of persons outside the labour force due to care responsibilities by sex (%)","Sex: Male","2017",3.528,,,"Repository: ILO-STATISTICS - Micro data processing"
"Brazil","HS - Continuous National Household Sample Survey","Share of persons outside the labour force due to care responsibilities by sex (%)","Sex: Female","2017",34.218,,,"Repository: ILO-STATISTICS - Micro data processing"
"Brazil","HS - Continuous National Household Sample Survey","Share of persons outside the labour force due to care responsibilities by sex (%)","Sex: Total","2016",25.155,,,"Repository: ILO-STATISTICS - Micro data processing"
"Brazil","HS - Continuous National Household Sample Survey","Share of persons outside the labour force due to care responsibilities by sex (%)","Sex: Male","2016",3.121,,,"Repository: ILO-STATISTICS - Micro data processing"
"Brazil","HS - Continuous National Household Sample Survey","Share of persons outside the labour force due to care responsibilities by sex (%)","Sex: Female","2016",36.079,,,"Repository: ILO-STATISTICS - Micro data processing"
"Brazil","HS - Continuous National Household Sample Survey","Share of persons outside the labour force due to care responsibilities by sex (%)","Sex: Total","2015",25.62,,,"Repository: ILO-STATISTICS - Micro data processing"
"Brazil","HS - Continuous National Household Sample Survey","Share of persons outside the labour force due to care responsibilities by sex (%)","Sex: Male","2015",1.818,,,"Repository: ILO-STATISTICS - Micro data processing"
"Brazil","HS - Continuous National Household Sample Survey","Share of persons outside the labour force due to care responsibilities by sex (%)","Sex: Female","2015",37.312,,,"Repository: ILO-STATISTICS - Micro data processing"
"Brazil","HS - Continuous National Household Sample Survey","Share of persons outside the labour force due to care responsibilities by sex (%)","Sex: Total","2014",26.184,,,"Repository: ILO-STATISTICS - Micro data processing"
"Brazil","HS - Continuous National Household Sample Survey","Share of persons outside the labour force due to care responsibilities by sex (%)","Sex: Male","2014",1.242,,,"Repository: ILO-STATISTICS - Micro data processing"
"Brazil","HS - Continuous National Household Sample Survey","Share of persons outside the labour force due to care responsibilities by sex (%)","Sex: Female","2014",38.225,,,"Repository: ILO-STATISTICS - Micro data processing"
"Brazil","HS - Continuous National Household Sample Survey","Share of persons outside the labour force due to care responsibilities by sex (%)","Sex: Total","2013",26.146,,,"Repository: ILO-STATISTICS - Micro data processing"
"Brazil","HS - Continuous National Household Sample Survey","Share of persons outside the labour force due to care responsibilities by sex (%)","Sex: Male","2013",1.363,,,"Repository: ILO-STATISTICS - Micro data processing"
"Brazil","HS - Continuous National Household Sample Survey","Share of persons outside the labour force due to care responsibilities by sex (%)","Sex: Female","2013",37.94,,,"Repository: ILO-STATISTICS - Micro data processing"
"Brazil","HS - Continuous National Household Sample Survey","Share of persons outside the labour force due to care responsibilities by sex (%)","Sex: Total","2012",26.249,"Break in series","Break in series: Methodology revised","Repository: ILO-STATISTICS - Micro data processing"
"Brazil","HS - Continuous National Household Sample Survey","Share of persons outside the labour force due to care responsibilities by sex (%)","Sex: Male","2012",1.618,"Break in series","Break in series: Methodology revised","Repository: ILO-STATISTICS - Micro data processing"
"Brazil","HS - Continuous National Household Sample Survey","Share of persons outside the labour force due to care responsibilities by sex (%)","Sex: Female","2012",37.947,"Break in series","Break in series: Methodology revised","Repository: ILO-STATISTICS - Micro data processing"
"Chile","LFS - National Employment Survey","Share of persons outside the labour force due to care responsibilities by sex (%)","Sex: Total","2023",22.791,,,"Repository: ILO-STATISTICS - Micro data processing"
"Chile","LFS - National Employment Survey","Share of persons outside the labour force due to care responsibilities by sex (%)","Sex: Male","2023",3.616,,,"Repository: ILO-STATISTICS - Micro data processing"
"Chile","LFS - National Employment Survey","Share of persons outside the labour force due to care responsibilities by sex (%)","Sex: Female","2023",33.766,,,"Repository: ILO-STATISTICS - Micro data processing"
"Chile","LFS - National Employment Survey","Share of persons outside the labour force due to care responsibilities by sex (%)","Sex: Total","2022",23.337,,,"Repository: ILO-STATISTICS - Micro data processing"
"Chile","LFS - National Employment Survey","Share of persons outside the labour force due to care responsibilities by sex (%)","Sex: Male","2022",3.35,,,"Repository: ILO-STATISTICS - Micro data processing"
"Chile","LFS - National Employment Survey","Share of persons outside the labour force due to care responsibilities by sex (%)","Sex: Female","2022",34.641,,,"Repository: ILO-STATISTICS - Micro data processing"
"Chile","LFS - National Employment Survey","Share of persons outside the labour force due to care responsibilities by sex (%)","Sex: Total","2021",24.976,,,"Repository: ILO-STATISTICS - Micro data processing"
"Chile","LFS - National Employment Survey","Share of persons outside the labour force due to care responsibilities by sex (%)","Sex: Male","2021",3.983,,,"Repository: ILO-STATISTICS - Micro data processing"
"Chile","LFS - National Employment Survey","Share of persons outside the labour force due to care responsibilities by sex (%)","Sex: Female","2021",36.721,,,"Repository: ILO-STATISTICS - Micro data processing"
"Chile","LFS - National Employment Survey","Share of persons outside the labour force due to care responsibilities by sex (%)","Sex: Total","2020",24.693,"Break in series","Break in series: Methodology revised","Repository: ILO-STATISTICS - Micro data processing"
"Chile","LFS - National Employment Survey","Share of persons outside the labour force due to care responsibilities by sex (%)","Sex: Male","2020",6.044,"Break in series","Break in series: Methodology revised","Repository: ILO-STATISTICS - Micro data processing"
"Chile","LFS - National Employment Survey","Share of persons outside the labour force due to care responsibilities by sex (%)","Sex: Female","2020",35.316,"Break in series","Break in series: Methodology revised","Repository: ILO-STATISTICS - Micro data processing"
"Chile","LFS - National Employment Survey","Share of persons outside the labour force due to care responsibilities by sex (%)","Sex: Total","2019",24.459,,,"Repository: ILO-STATISTICS - Micro data processing"
"Chile","LFS - National Employment Survey","Share of persons outside the labour force due to care responsibilities by sex (%)","Sex: Male","2019",2.591,,,"Repository: ILO-STATISTICS - Micro data processing"
"Chile","LFS - National Employment Survey","Share of persons outside the labour force due to care responsibilities by sex (%)","Sex: Female","2019",36.056,,,"Repository: ILO-STATISTICS - Micro data processing"
"Chile","LFS - National Employment Survey","Share of persons outside the labour force due to care responsibilities by sex (%)","Sex: Total","2018",25.178,,,"Repository: ILO-STATISTICS - Micro data processing"
"Chile","LFS - National Employment Survey","Share of persons outside the labour force due to care responsibilities by sex (%)","Sex: Male","2018",2.317,,,"Repository: ILO-STATISTICS - Micro data processing"
"Chile","LFS - National Employment Survey","Share of persons outside the labour force due to care responsibilities by sex (%)","Sex: Female","2018",36.983,,,"Repository: ILO-STATISTICS - Micro data processing"
"Chile","LFS - National Employment Survey","Share of persons outside the labour force due to care responsibilities by sex (%)","Sex: Total","2017",25.677,,,"Repository: ILO-STATISTICS - Micro data processing"
"Chile","LFS - National Employment Survey","Share of persons outside the labour force due to care responsibilities by sex (%)","Sex: Male","2017",2.217,,,"Repository: ILO-STATISTICS - Micro data processing"
"Chile","LFS - National Employment Survey","Share of persons outside the labour force due to care responsibilities by sex (%)","Sex: Female","2017",37.509,,,"Repository: ILO-STATISTICS - Micro data processing"
"Chile","LFS - National Employment Survey","Share of persons outside the labour force due to care responsibilities by sex (%)","Sex: Total","2016",26.025,,,"Repository: ILO-STATISTICS - Micro data processing"
"Chile","LFS - National Employment Survey","Share of persons outside the labour force due to care responsibilities by sex (%)","Sex: Male","2016",2.337,,,"Repository: ILO-STATISTICS - Micro data processing"
"Chile","LFS - National Employment Survey","Share of persons outside the labour force due to care responsibilities by sex (%)","Sex: Female","2016",37.883,,,"Repository: ILO-STATISTICS - Micro data processing"
"Chile","LFS - National Employment Survey","Share of persons outside the labour force due to care responsibilities by sex (%)","Sex: Total","2015",25.821,,,"Repository: ILO-STATISTICS - Micro data processing"
"Chile","LFS - National Employment Survey","Share of persons outside the labour force due to care responsibilities by sex (%)","Sex: Male","2015",1.919,,,"Repository: ILO-STATISTICS - Micro data processing"
"Chile","LFS - National Employment Survey","Share of persons outside the labour force due to care responsibilities by sex (%)","Sex: Female","2015",37.548,,,"Repository: ILO-STATISTICS - Micro data processing"
"Chile","LFS - National Employment Survey","Share of persons outside the labour force due to care responsibilities by sex (%)","Sex: Total","2014",25.622,,,"Repository: ILO-STATISTICS - Micro data processing"
"Chile","LFS - National Employment Survey","Share of persons outside the labour force due to care responsibilities by sex (%)","Sex: Male","2014",1.886,,,"Repository: ILO-STATISTICS - Micro data processing"
"Chile","LFS - National Employment Survey","Share of persons outside the labour force due to care responsibilities by sex (%)","Sex: Female","2014",37.362,,,"Repository: ILO-STATISTICS - Micro data processing"
"Chile","LFS - National Employment Survey","Share of persons outside the labour force due to care responsibilities by sex (%)","Sex: Total","2013",25.615,,,"Repository: ILO-STATISTICS - Micro data processing"
"Chile","LFS - National Employment Survey","Share of persons outside the labour force due to care responsibilities by sex (%)","Sex: Male","2013",1.827,,,"Repository: ILO-STATISTICS - Micro data processing"
"Chile","LFS - National Employment Survey","Share of persons outside the labour force due to care responsibilities by sex (%)","Sex: Female","2013",37.193,,,"Repository: ILO-STATISTICS - Micro data processing"
"Chile","LFS - National Employment Survey","Share of persons outside the labour force due to care responsibilities by sex (%)","Sex: Total","2012",26.043,,,"Repository: ILO-STATISTICS - Micro data processing"
"Chile","LFS - National Employment Survey","Share of persons outside the labour force due to care responsibilities by sex (%)","Sex: Male","2012",1.815,,,"Repository: ILO-STATISTICS - Micro data processing"
"Chile","LFS - National Employment Survey","Share of persons outside the labour force due to care responsibilities by sex (%)","Sex: Female","2012",37.593,,,"Repository: ILO-STATISTICS - Micro data processing"
"Chile","LFS - National Employment Survey","Share of persons outside the labour force due to care responsibilities by sex (%)","Sex: Total","2011",26.024,,,"Repository: ILO-STATISTICS - Micro data processing"
"Chile","LFS - National Employment Survey","Share of persons outside the labour force due to care responsibilities by sex (%)","Sex: Male","2011",1.785,,,"Repository: ILO-STATISTICS - Micro data processing"
"Chile","LFS - National Employment Survey","Share of persons outside the labour force due to care responsibilities by sex (%)","Sex: Female","2011",37.37,,,"Repository: ILO-STATISTICS - Micro data processing"
"Chile","LFS - National Employment Survey","Share of persons outside the labour force due to care responsibilities by sex (%)","Sex: Total","2010",26.488,"Break in series","Break in series: Methodology revised","Repository: ILO-STATISTICS - Micro data processing"
"Chile","LFS - National Employment Survey","Share of persons outside the labour force due to care responsibilities by sex (%)","Sex: Male","2010",2.016,"Break in series","Break in series: Methodology revised","Repository: ILO-STATISTICS - Micro data processing"
"Chile","LFS - National Employment Survey","Share of persons outside the labour force due to care responsibilities by sex (%)","Sex: Female","2010",37.76,"Break in series","Break in series: Methodology revised","Repository: ILO-STATISTICS - Micro data processing"
"Chile","HS - National Survey on Socio-Economic Conditions","Share of persons outside the labour force due to care responsibilities by sex (%)","Sex: Total","2009",9.222,,,"Repository: ILO-STATISTICS - Micro data processing"
"Chile","HS - National Survey on Socio-Economic Conditions","Share of persons outside the labour force due to care responsibilities by sex (%)","Sex: Male","2009",0.751,,,"Repository: ILO-STATISTICS - Micro data processing"
"Chile","HS - National Survey on Socio-Economic Conditions","Share of persons outside the labour force due to care responsibilities by sex (%)","Sex: Female","2009",13.056,,,"Repository: ILO-STATISTICS - Micro data processing"
"Chile","HS - National Survey on Socio-Economic Conditions","Share of persons outside the labour force due to care responsibilities by sex (%)","Sex: Total","2006",8.657,,,"Repository: ILO-STATISTICS - Micro data processing"
"Chile","HS - National Survey on Socio-Economic Conditions","Share of persons outside the labour force due to care responsibilities by sex (%)","Sex: Male","2006",0.37,,,"Repository: ILO-STATISTICS - Micro data processing"
"Chile","HS - National Survey on Socio-Economic Conditions","Share of persons outside the labour force due to care responsibilities by sex (%)","Sex: Female","2006",12.318,,,"Repository: ILO-STATISTICS - Micro data processing"
"Chile","HS - National Survey on Socio-Economic Conditions","Share of persons outside the labour force due to care responsibilities by sex (%)","Sex: Total","2003",4.518,,,"Repository: ILO-STATISTICS - Micro data processing"
"Chile","HS - National Survey on Socio-Economic Conditions","Share of persons outside the labour force due to care responsibilities by sex (%)","Sex: Female","2003",6.464,,,"Repository: ILO-STATISTICS - Micro data processing"
"Chile","HS - National Survey on Socio-Economic Conditions","Share of persons outside the labour force due to care responsibilities by sex (%)","Sex: Total","2000",4.41,,,"Repository: ILO-STATISTICS - Micro data processing"
"Chile","HS - National Survey on Socio-Economic Conditions","Share of persons outside the labour force due to care responsibilities by sex (%)","Sex: Female","2000",6.21,,,"Repository: ILO-STATISTICS - Micro data processing"
"Chile","HS - National Survey on Socio-Economic Conditions","Share of persons outside the labour force due to care responsibilities by sex (%)","Sex: Total","1998",3.552,,,"Repository: ILO-STATISTICS - Micro data processing"
"Chile","HS - National Survey on Socio-Economic Conditions","Share of persons outside the labour force due to care responsibilities by sex (%)","Sex: Female","1998",4.889,,,"Repository: ILO-STATISTICS - Micro data processing"
"Chile","HS - National Survey on Socio-Economic Conditions","Share of persons outside the labour force due to care responsibilities by sex (%)","Sex: Total","1996",2.765,,,"Repository: ILO-STATISTICS - Micro data processing"
"Chile","HS - National Survey on Socio-Economic Conditions","Share of persons outside the labour force due to care responsibilities by sex (%)","Sex: Female","1996",3.782,,,"Repository: ILO-STATISTICS - Micro data processing"
"Chile","HS - National Survey on Socio-Economic Conditions","Share of persons outside the labour force due to care responsibilities by sex (%)","Sex: Total","1994",3.098,,,"Repository: ILO-STATISTICS - Micro data processing"
"Chile","HS - National Survey on Socio-Economic Conditions","Share of persons outside the labour force due to care responsibilities by sex (%)","Sex: Female","1994",4.168,,,"Repository: ILO-STATISTICS - Micro data processing"
"Chile","HS - National Survey on Socio-Economic Conditions","Share of persons outside the labour force due to care responsibilities by sex (%)","Sex: Total","1992",2.877,,,"Repository: ILO-STATISTICS - Micro data processing"
"Chile","HS - National Survey on Socio-Economic Conditions","Share of persons outside the labour force due to care responsibilities by sex (%)","Sex: Male","1992",0.159,,,"Repository: ILO-STATISTICS - Micro data processing"
"Chile","HS - National Survey on Socio-Economic Conditions","Share of persons outside the labour force due to care responsibilities by sex (%)","Sex: Female","1992",3.782,,,"Repository: ILO-STATISTICS - Micro data processing"
"Chile","HS - National Survey on Socio-Economic Conditions","Share of persons outside the labour force due to care responsibilities by sex (%)","Sex: Total","1990",2.565,"Break in series","Break in series: Methodology revised","Repository: ILO-STATISTICS - Micro data processing"
"Chile","HS - National Survey on Socio-Economic Conditions","Share of persons outside the labour force due to care responsibilities by sex (%)","Sex: Male","1990",0.09,"Unreliable","Break in series: Methodology revised","Repository: ILO-STATISTICS - Micro data processing"
"Chile","HS - National Survey on Socio-Economic Conditions","Share of persons outside the labour force due to care responsibilities by sex (%)","Sex: Female","1990",3.44,"Break in series","Break in series: Methodology revised","Repository: ILO-STATISTICS - Micro data processing"
"Denmark","LFS - EU Labour Force Survey","Share of persons outside the labour force due to care responsibilities by sex (%)","Sex: Total","2023",1.381,,,"Repository: ILO-STATISTICS - Micro data processing"
"Denmark","LFS - EU Labour Force Survey","Share of persons outside the labour force due to care responsibilities by sex (%)","Sex: Male","2023",0.226,,,"Repository: ILO-STATISTICS - Micro data processing"
"Denmark","LFS - EU Labour Force Survey","Share of persons outside the labour force due to care responsibilities by sex (%)","Sex: Female","2023",2.284,,,"Repository: ILO-STATISTICS - Micro data processing"
"Denmark","LFS - EU Labour Force Survey","Share of persons outside the labour force due to care responsibilities by sex (%)","Sex: Total","2022",1.274,,,"Repository: ILO-STATISTICS - Micro data processing"
"Denmark","LFS - EU Labour Force Survey","Share of persons outside the labour force due to care responsibilities by sex (%)","Sex: Male","2022",0.346,,,"Repository: ILO-STATISTICS - Micro data processing"
"Denmark","LFS - EU Labour Force Survey","Share of persons outside the labour force due to care responsibilities by sex (%)","Sex: Female","2022",2.001,,,"Repository: ILO-STATISTICS - Micro data processing"
"Denmark","LFS - EU Labour Force Survey","Share of persons outside the labour force due to care responsibilities by sex (%)","Sex: Total","2021",1.338,,,"Repository: ILO-STATISTICS - Micro data processing"
"Denmark","LFS - EU Labour Force Survey","Share of persons outside the labour force due to care responsibilities by sex (%)","Sex: Male","2021",0.351,,,"Repository: ILO-STATISTICS - Micro data processing"
"Denmark","LFS - EU Labour Force Survey","Share of persons outside the labour force due to care responsibilities by sex (%)","Sex: Female","2021",2.093,,,"Repository: ILO-STATISTICS - Micro data processing"
"Estonia","LFS - Labour Force Survey","Share of persons outside the labour force due to care responsibilities by sex (%)","Sex: Total","2022",6.58,,,"Repository: ILO-STATISTICS - Micro data processing"
"Estonia","LFS - Labour Force Survey","Share of persons outside the labour force due to care responsibilities by sex (%)","Sex: Male","2022",2.277,,,"Repository: ILO-STATISTICS - Micro data processing"
"Estonia","LFS - Labour Force Survey","Share of persons outside the labour force due to care responsibilities by sex (%)","Sex: Female","2022",9.313,,,"Repository: ILO-STATISTICS - Micro data processing"
"Estonia","LFS - Labour Force Survey","Share of persons outside the labour force due to care responsibilities by sex (%)","Sex: Total","2021",8.276,,,"Repository: ILO-STATISTICS - Micro data processing"
"Estonia","LFS - Labour Force Survey","Share of persons outside the labour force due to care responsibilities by sex (%)","Sex: Male","2021",2.378,,,"Repository: ILO-STATISTICS - Micro data processing"
"Estonia","LFS - Labour Force Survey","Share of persons outside the labour force due to care responsibilities by sex (%)","Sex: Female","2021",11.973,,,"Repository: ILO-STATISTICS - Micro data processing"
"Finland","LFS - EU Labour Force Survey","Share of persons outside the labour force due to care responsibilities by sex (%)","Sex: Total","2023",2.935,,,"Repository: ILO-STATISTICS - Micro data processing"
"Finland","LFS - EU Labour Force Survey","Share of persons outside the labour force due to care responsibilities by sex (%)","Sex: Male","2023",1.172,,,"Repository: ILO-STATISTICS - Micro data processing"
"Finland","LFS - EU Labour Force Survey","Share of persons outside the labour force due to care responsibilities by sex (%)","Sex: Female","2023",4.431,,,"Repository: ILO-STATISTICS - Micro data processing"
"Finland","LFS - EU Labour Force Survey","Share of persons outside the labour force due to care responsibilities by sex (%)","Sex: Total","2022",2.888,,,"Repository: ILO-STATISTICS - Micro data processing"
"Finland","LFS - EU Labour Force Survey","Share of persons outside the labour force due to care responsibilities by sex (%)","Sex: Male","2022",0.821,,,"Repository: ILO-STATISTICS - Micro data processing"
"Finland","LFS - EU Labour Force Survey","Share of persons outside the labour force due to care responsibilities by sex (%)","Sex: Female","2022",4.606,,,"Repository: ILO-STATISTICS - Micro data processing"
"Finland","LFS - EU Labour Force Survey","Share of persons outside the labour force due to care responsibilities by sex (%)","Sex: Total","2021",3.012,,,"Repository: ILO-STATISTICS - Micro data processing"
"Finland","LFS - EU Labour Force Survey","Share of persons outside the labour force due to care responsibilities by sex (%)","Sex: Male","2021",0.805,,,"Repository: ILO-STATISTICS - Micro data processing"
"Finland","LFS - EU Labour Force Survey","Share of persons outside the labour force due to care responsibilities by sex (%)","Sex: Female","2021",4.775,,,"Repository: ILO-STATISTICS - Micro data processing"
"United Kingdom of Great Britain and Northern Ireland","LFS - Labour Force Survey","Share of persons outside the labour force due to care responsibilities by sex (%)","Sex: Total","2023",8.084,,,"Repository: ILO-STATISTICS - Micro data processing"
"United Kingdom of Great Britain and Northern Ireland","LFS - Labour Force Survey","Share of persons outside the labour force due to care responsibilities by sex (%)","Sex: Male","2023",2.934,,,"Repository: ILO-STATISTICS - Micro data processing"
"United Kingdom of Great Britain and Northern Ireland","LFS - Labour Force Survey","Share of persons outside the labour force due to care responsibilities by sex (%)","Sex: Female","2023",12.002,,,"Repository: ILO-STATISTICS - Micro data processing"
"United Kingdom of Great Britain and Northern Ireland","LFS - Labour Force Survey","Share of persons outside the labour force due to care responsibilities by sex (%)","Sex: Total","2022",8.466,,,"Repository: ILO-STATISTICS - Micro data processing"
"United Kingdom of Great Britain and Northern Ireland","LFS - Labour Force Survey","Share of persons outside the labour force due to care responsibilities by sex (%)","Sex: Male","2022",2.983,,,"Repository: ILO-STATISTICS - Micro data processing"
"United Kingdom of Great Britain and Northern Ireland","LFS - Labour Force Survey","Share of persons outside the labour force due to care responsibilities by sex (%)","Sex: Female","2022",12.695,,,"Repository: ILO-STATISTICS - Micro data processing"
"United Kingdom of Great Britain and Northern Ireland","LFS - Labour Force Survey","Share of persons outside the labour force due to care responsibilities by sex (%)","Sex: Total","2021",7.825,,,"Repository: ILO-STATISTICS - Micro data processing"
"United Kingdom of Great Britain and Northern Ireland","LFS - Labour Force Survey","Share of persons outside the labour force due to care responsibilities by sex (%)","Sex: Male","2021",2.376,,,"Repository: ILO-STATISTICS - Micro data processing"
"United Kingdom of Great Britain and Northern Ireland","LFS - Labour Force Survey","Share of persons outside the labour force due to care responsibilities by sex (%)","Sex: Female","2021",12.087,,,"Repository: ILO-STATISTICS - Micro data processing"
"United Kingdom of Great Britain and Northern Ireland","LFS - Labour Force Survey","Share of persons outside the labour force due to care responsibilities by sex (%)","Sex: Total","2020",8.518,,,"Repository: ILO-STATISTICS - Micro data processing"
"United Kingdom of Great Britain and Northern Ireland","LFS - Labour Force Survey","Share of persons outside the labour force due to care responsibilities by sex (%)","Sex: Male","2020",2.852,,,"Repository: ILO-STATISTICS - Micro data processing"
"United Kingdom of Great Britain and Northern Ireland","LFS - Labour Force Survey","Share of persons outside the labour force due to care responsibilities by sex (%)","Sex: Female","2020",12.844,,,"Repository: ILO-STATISTICS - Micro data processing"
"United Kingdom of Great Britain and Northern Ireland","LFS - Labour Force Survey","Share of persons outside the labour force due to care responsibilities by sex (%)","Sex: Total","2019",9.589,,,"Repository: ILO-STATISTICS - Micro data processing"
"United Kingdom of Great Britain and Northern Ireland","LFS - Labour Force Survey","Share of persons outside the labour force due to care responsibilities by sex (%)","Sex: Male","2019",2.644,,,"Repository: ILO-STATISTICS - Micro data processing"
"United Kingdom of Great Britain and Northern Ireland","LFS - Labour Force Survey","Share of persons outside the labour force due to care responsibilities by sex (%)","Sex: Female","2019",14.781,,,"Repository: ILO-STATISTICS - Micro data processing"
"United Kingdom of Great Britain and Northern Ireland","LFS - Labour Force Survey","Share of persons outside the labour force due to care responsibilities by sex (%)","Sex: Total","2018",10.265,,,"Repository: ILO-STATISTICS - Micro data processing"
"United Kingdom of Great Britain and Northern Ireland","LFS - Labour Force Survey","Share of persons outside the labour force due to care responsibilities by sex (%)","Sex: Male","2018",2.811,,,"Repository: ILO-STATISTICS - Micro data processing"
"United Kingdom of Great Britain and Northern Ireland","LFS - Labour Force Survey","Share of persons outside the labour force due to care responsibilities by sex (%)","Sex: Female","2018",15.673,,,"Repository: ILO-STATISTICS - Micro data processing"
"United Kingdom of Great Britain and Northern Ireland","LFS - Labour Force Survey","Share of persons outside the labour force due to care responsibilities by sex (%)","Sex: Total","2017",10.749,,,"Repository: ILO-STATISTICS - Micro data processing"
"United Kingdom of Great Britain and Northern Ireland","LFS - Labour Force Survey","Share of persons outside the labour force due to care responsibilities by sex (%)","Sex: Male","2017",3.074,,,"Repository: ILO-STATISTICS - Micro data processing"
"United Kingdom of Great Britain and Northern Ireland","LFS - Labour Force Survey","Share of persons outside the labour force due to care responsibilities by sex (%)","Sex: Female","2017",16.303,,,"Repository: ILO-STATISTICS - Micro data processing"
"United Kingdom of Great Britain and Northern Ireland","LFS - Labour Force Survey","Share of persons outside the labour force due to care responsibilities by sex (%)","Sex: Total","2016",11.04,,,"Repository: ILO-STATISTICS - Micro data processing"
"United Kingdom of Great Britain and Northern Ireland","LFS - Labour Force Survey","Share of persons outside the labour force due to care responsibilities by sex (%)","Sex: Male","2016",3.045,,,"Repository: ILO-STATISTICS - Micro data processing"
"United Kingdom of Great Britain and Northern Ireland","LFS - Labour Force Survey","Share of persons outside the labour force due to care responsibilities by sex (%)","Sex: Female","2016",16.74,,,"Repository: ILO-STATISTICS - Micro data processing"
"United Kingdom of Great Britain and Northern Ireland","LFS - Labour Force Survey","Share of persons outside the labour force due to care responsibilities by sex (%)","Sex: Total","2015",11.559,,,"Repository: ILO-STATISTICS - Micro data processing"
"United Kingdom of Great Britain and Northern Ireland","LFS - Labour Force Survey","Share of persons outside the labour force due to care responsibilities by sex (%)","Sex: Male","2015",3.125,,,"Repository: ILO-STATISTICS - Micro data processing"
"United Kingdom of Great Britain and Northern Ireland","LFS - Labour Force Survey","Share of persons outside the labour force due to care responsibilities by sex (%)","Sex: Female","2015",17.494,,,"Repository: ILO-STATISTICS - Micro data processing"
"United Kingdom of Great Britain and Northern Ireland","LFS - Labour Force Survey","Share of persons outside the labour force due to care responsibilities by sex (%)","Sex: Total","2014",11.8,,,"Repository: ILO-STATISTICS - Micro data processing"
"United Kingdom of Great Britain and Northern Ireland","LFS - Labour Force Survey","Share of persons outside the labour force due to care responsibilities by sex (%)","Sex: Male","2014",3.085,,,"Repository: ILO-STATISTICS - Micro data processing"
"United Kingdom of Great Britain and Northern Ireland","LFS - Labour Force Survey","Share of persons outside the labour force due to care responsibilities by sex (%)","Sex: Female","2014",17.89,,,"Repository: ILO-STATISTICS - Micro data processing"
"United Kingdom of Great Britain and Northern Ireland","LFS - Labour Force Survey","Share of persons outside the labour force due to care responsibilities by sex (%)","Sex: Total","2013",11.579,,,"Repository: ILO-STATISTICS - Micro data processing"
"United Kingdom of Great Britain and Northern Ireland","LFS - Labour Force Survey","Share of persons outside the labour force due to care responsibilities by sex (%)","Sex: Male","2013",2.783,,,"Repository: ILO-STATISTICS - Micro data processing"
"United Kingdom of Great Britain and Northern Ireland","LFS - Labour Force Survey","Share of persons outside the labour force due to care responsibilities by sex (%)","Sex: Female","2013",17.674,,,"Repository: ILO-STATISTICS - Micro data processing"
"United Kingdom of Great Britain and Northern Ireland","LFS - Labour Force Survey","Share of persons outside the labour force due to care responsibilities by sex (%)","Sex: Total","2012",12.091,,,"Repository: ILO-STATISTICS - Micro data processing"
"United Kingdom of Great Britain and Northern Ireland","LFS - Labour Force Survey","Share of persons outside the labour force due to care responsibilities by sex (%)","Sex: Male","2012",2.833,,,"Repository: ILO-STATISTICS - Micro data processing"
"United Kingdom of Great Britain and Northern Ireland","LFS - Labour Force Survey","Share of persons outside the labour force due to care responsibilities by sex (%)","Sex: Female","2012",18.397,,,"Repository: ILO-STATISTICS - Micro data processing"
"United Kingdom of Great Britain and Northern Ireland","LFS - Labour Force Survey","Share of persons outside the labour force due to care responsibilities by sex (%)","Sex: Total","2011",12.056,,,"Repository: ILO-STATISTICS - Micro data processing"
"United Kingdom of Great Britain and Northern Ireland","LFS - Labour Force Survey","Share of persons outside the labour force due to care responsibilities by sex (%)","Sex: Male","2011",2.657,,,"Repository: ILO-STATISTICS - Micro data processing"
"United Kingdom of Great Britain and Northern Ireland","LFS - Labour Force Survey","Share of persons outside the labour force due to care responsibilities by sex (%)","Sex: Female","2011",18.438,,,"Repository: ILO-STATISTICS - Micro data processing"
"United Kingdom of Great Britain and Northern Ireland","LFS - Labour Force Survey","Share of persons outside the labour force due to care responsibilities by sex (%)","Sex: Total","2010",12.119,,,"Repository: ILO-STATISTICS - Micro data processing"
"United Kingdom of Great Britain and Northern Ireland","LFS - Labour Force Survey","Share of persons outside the labour force due to care responsibilities by sex (%)","Sex: Male","2010",2.799,,,"Repository: ILO-STATISTICS - Micro data processing"
"United Kingdom of Great Britain and Northern Ireland","LFS - Labour Force Survey","Share of persons outside the labour force due to care responsibilities by sex (%)","Sex: Female","2010",18.37,,,"Repository: ILO-STATISTICS - Micro data processing"
"United Kingdom of Great Britain and Northern Ireland","LFS - Labour Force Survey","Share of persons outside the labour force due to care responsibilities by sex (%)","Sex: Total","2009",12.455,,,"Repository: ILO-STATISTICS - Micro data processing"
"United Kingdom of Great Britain and Northern Ireland","LFS - Labour Force Survey","Share of persons outside the labour force due to care responsibilities by sex (%)","Sex: Male","2009",2.884,,,"Repository: ILO-STATISTICS - Micro data processing"
"United Kingdom of Great Britain and Northern Ireland","LFS - Labour Force Survey","Share of persons outside the labour force due to care responsibilities by sex (%)","Sex: Female","2009",18.806,,,"Repository: ILO-STATISTICS - Micro data processing"
"United Kingdom of Great Britain and Northern Ireland","LFS - Labour Force Survey","Share of persons outside the labour force due to care responsibilities by sex (%)","Sex: Total","2008",12.691,,,"Repository: ILO-STATISTICS - Micro data processing"
"United Kingdom of Great Britain and Northern Ireland","LFS - Labour Force Survey","Share of persons outside the labour force due to care responsibilities by sex (%)","Sex: Male","2008",2.768,,,"Repository: ILO-STATISTICS - Micro data processing"
"United Kingdom of Great Britain and Northern Ireland","LFS - Labour Force Survey","Share of persons outside the labour force due to care responsibilities by sex (%)","Sex: Female","2008",19.109,,,"Repository: ILO-STATISTICS - Micro data processing"
"United Kingdom of Great Britain and Northern Ireland","LFS - Labour Force Survey","Share of persons outside the labour force due to care responsibilities by sex (%)","Sex: Total","2007",12.973,,,"Repository: ILO-STATISTICS - Micro data processing"
"United Kingdom of Great Britain and Northern Ireland","LFS - Labour Force Survey","Share of persons outside the labour force due to care responsibilities by sex (%)","Sex: Male","2007",2.753,,,"Repository: ILO-STATISTICS - Micro data processing"
"United Kingdom of Great Britain and Northern Ireland","LFS - Labour Force Survey","Share of persons outside the labour force due to care responsibilities by sex (%)","Sex: Female","2007",19.557,,,"Repository: ILO-STATISTICS - Micro data processing"
"United Kingdom of Great Britain and Northern Ireland","LFS - Labour Force Survey","Share of persons outside the labour force due to care responsibilities by sex (%)","Sex: Total","2006",12.942,,,"Repository: ILO-STATISTICS - Micro data processing"
"United Kingdom of Great Britain and Northern Ireland","LFS - Labour Force Survey","Share of persons outside the labour force due to care responsibilities by sex (%)","Sex: Male","2006",2.76,,,"Repository: ILO-STATISTICS - Micro data processing"
"United Kingdom of Great Britain and Northern Ireland","LFS - Labour Force Survey","Share of persons outside the labour force due to care responsibilities by sex (%)","Sex: Female","2006",19.499,,,"Repository: ILO-STATISTICS - Micro data processing"
"Ireland","LFS - EU Labour Force Survey","Share of persons outside the labour force due to care responsibilities by sex (%)","Sex: Total","2023",13.08,,,"Repository: ILO-STATISTICS - Micro data processing"
"Ireland","LFS - EU Labour Force Survey","Share of persons outside the labour force due to care responsibilities by sex (%)","Sex: Male","2023",4.125,,,"Repository: ILO-STATISTICS - Micro data processing"
"Ireland","LFS - EU Labour Force Survey","Share of persons outside the labour force due to care responsibilities by sex (%)","Sex: Female","2023",19.041,,,"Repository: ILO-STATISTICS - Micro data processing"
"Ireland","LFS - EU Labour Force Survey","Share of persons outside the labour force due to care responsibilities by sex (%)","Sex: Total","2022",12.71,,,"Repository: ILO-STATISTICS - Micro data processing"
"Ireland","LFS - EU Labour Force Survey","Share of persons outside the labour force due to care responsibilities by sex (%)","Sex: Male","2022",3.679,,,"Repository: ILO-STATISTICS - Micro data processing"
"Ireland","LFS - EU Labour Force Survey","Share of persons outside the labour force due to care responsibilities by sex (%)","Sex: Female","2022",19.098,,,"Repository: ILO-STATISTICS - Micro data processing"
"Ireland","LFS - EU Labour Force Survey","Share of persons outside the labour force due to care responsibilities by sex (%)","Sex: Total","2021",12.199,,,"Repository: ILO-STATISTICS - Micro data processing"
"Ireland","LFS - EU Labour Force Survey","Share of persons outside the labour force due to care responsibilities by sex (%)","Sex: Male","2021",3.304,,,"Repository: ILO-STATISTICS - Micro data processing"
"Ireland","LFS - EU Labour Force Survey","Share of persons outside the labour force due to care responsibilities by sex (%)","Sex: Female","2021",18.433,,,"Repository: ILO-STATISTICS - Micro data processing"
"Ireland","LFS - Quarterly National Household Survey","Share of persons outside the labour force due to care responsibilities by sex (%)","Sex: Total","2020",24.067,,,"Repository: ILO-STATISTICS - Micro data processing | Age coverage - maximum age: 75 years old"
"Ireland","LFS - Quarterly National Household Survey","Share of persons outside the labour force due to care responsibilities by sex (%)","Sex: Male","2020",21.877,,,"Repository: ILO-STATISTICS - Micro data processing | Age coverage - maximum age: 75 years old"
"Ireland","LFS - Quarterly National Household Survey","Share of persons outside the labour force due to care responsibilities by sex (%)","Sex: Female","2020",25.604,,,"Repository: ILO-STATISTICS - Micro data processing | Age coverage - maximum age: 75 years old"
"Ireland","LFS - Quarterly National Household Survey","Share of persons outside the labour force due to care responsibilities by sex (%)","Sex: Total","2019",28.689,,,"Repository: ILO-STATISTICS - Micro data processing | Age coverage - maximum age: 75 years old"
"Ireland","LFS - Quarterly National Household Survey","Share of persons outside the labour force due to care responsibilities by sex (%)","Sex: Male","2019",26.343,,,"Repository: ILO-STATISTICS - Micro data processing | Age coverage - maximum age: 75 years old"
"Ireland","LFS - Quarterly National Household Survey","Share of persons outside the labour force due to care responsibilities by sex (%)","Sex: Female","2019",30.262,,,"Repository: ILO-STATISTICS - Micro data processing | Age coverage - maximum age: 75 years old"
"Ireland","LFS - Quarterly National Household Survey","Share of persons outside the labour force due to care responsibilities by sex (%)","Sex: Total","2018",28.385,,,"Repository: ILO-STATISTICS - Micro data processing | Age coverage - maximum age: 75 years old"
"Ireland","LFS - Quarterly National Household Survey","Share of persons outside the labour force due to care responsibilities by sex (%)","Sex: Male","2018",25.966,,,"Repository: ILO-STATISTICS - Micro data processing | Age coverage - maximum age: 75 years old"
"Ireland","LFS - Quarterly National Household Survey","Share of persons outside the labour force due to care responsibilities by sex (%)","Sex: Female","2018",30.005,,,"Repository: ILO-STATISTICS - Micro data processing | Age coverage - maximum age: 75 years old"
"Ireland","LFS - Quarterly National Household Survey","Share of persons outside the labour force due to care responsibilities by sex (%)","Sex: Total","2017",30.8,,,"Repository: ILO-STATISTICS - Micro data processing | Age coverage - maximum age: 75 years old"
"Ireland","LFS - Quarterly National Household Survey","Share of persons outside the labour force due to care responsibilities by sex (%)","Sex: Male","2017",27.708,,,"Repository: ILO-STATISTICS - Micro data processing | Age coverage - maximum age: 75 years old"
"Ireland","LFS - Quarterly National Household Survey","Share of persons outside the labour force due to care responsibilities by sex (%)","Sex: Female","2017",32.85,,,"Repository: ILO-STATISTICS - Micro data processing | Age coverage - maximum age: 75 years old"
"Ireland","LFS - Quarterly National Household Survey","Share of persons outside the labour force due to care responsibilities by sex (%)","Sex: Total","2016",31.822,,,"Repository: ILO-STATISTICS - Micro data processing | Age coverage - maximum age: 75 years old"
"Ireland","LFS - Quarterly National Household Survey","Share of persons outside the labour force due to care responsibilities by sex (%)","Sex: Male","2016",28.454,,,"Repository: ILO-STATISTICS - Micro data processing | Age coverage - maximum age: 75 years old"
"Ireland","LFS - Quarterly National Household Survey","Share of persons outside the labour force due to care responsibilities by sex (%)","Sex: Female","2016",34.009,,,"Repository: ILO-STATISTICS - Micro data processing | Age coverage - maximum age: 75 years old"
"Ireland","LFS - Quarterly National Household Survey","Share of persons outside the labour force due to care responsibilities by sex (%)","Sex: Total","2015",31.718,,,"Repository: ILO-STATISTICS - Micro data processing | Age coverage - maximum age: 75 years old"
"Ireland","LFS - Quarterly National Household Survey","Share of persons outside the labour force due to care responsibilities by sex (%)","Sex: Male","2015",28.401,,,"Repository: ILO-STATISTICS - Micro data processing | Age coverage - maximum age: 75 years old"
"Ireland","LFS - Quarterly National Household Survey","Share of persons outside the labour force due to care responsibilities by sex (%)","Sex: Female","2015",33.825,,,"Repository: ILO-STATISTICS - Micro data processing | Age coverage - maximum age: 75 years old"
"Ireland","LFS - Quarterly National Household Survey","Share of persons outside the labour force due to care responsibilities by sex (%)","Sex: Total","2014",31.19,,,"Repository: ILO-STATISTICS - Micro data processing | Age coverage - maximum age: 75 years old"
"Ireland","LFS - Quarterly National Household Survey","Share of persons outside the labour force due to care responsibilities by sex (%)","Sex: Male","2014",27.657,,,"Repository: ILO-STATISTICS - Micro data processing | Age coverage - maximum age: 75 years old"
"Ireland","LFS - Quarterly National Household Survey","Share of persons outside the labour force due to care responsibilities by sex (%)","Sex: Female","2014",33.455,,,"Repository: ILO-STATISTICS - Micro data processing | Age coverage - maximum age: 75 years old"
"Ireland","LFS - Quarterly National Household Survey","Share of persons outside the labour force due to care responsibilities by sex (%)","Sex: Total","2013",30.597,,,"Repository: ILO-STATISTICS - Micro data processing | Age coverage - maximum age: 75 years old"
"Ireland","LFS - Quarterly National Household Survey","Share of persons outside the labour force due to care responsibilities by sex (%)","Sex: Male","2013",26.856,,,"Repository: ILO-STATISTICS - Micro data processing | Age coverage - maximum age: 75 years old"
"Ireland","LFS - Quarterly National Household Survey","Share of persons outside the labour force due to care responsibilities by sex (%)","Sex: Female","2013",33.016,,,"Repository: ILO-STATISTICS - Micro data processing | Age coverage - maximum age: 75 years old"
"Ireland","LFS - Quarterly National Household Survey","Share of persons outside the labour force due to care responsibilities by sex (%)","Sex: Total","2012",22.941,,,"Repository: ILO-STATISTICS - Micro data processing | Age coverage - maximum age: 75 years old"
"Ireland","LFS - Quarterly National Household Survey","Share of persons outside the labour force due to care responsibilities by sex (%)","Sex: Male","2012",19.821,,,"Repository: ILO-STATISTICS - Micro data processing | Age coverage - maximum age: 75 years old"
"Ireland","LFS - Quarterly National Household Survey","Share of persons outside the labour force due to care responsibilities by sex (%)","Sex: Female","2012",24.937,,,"Repository: ILO-STATISTICS - Micro data processing | Age coverage - maximum age: 75 years old"
"Ireland","LFS - Quarterly National Household Survey","Share of persons outside the labour force due to care responsibilities by sex (%)","Sex: Total","2011",0.339,,,"Repository: ILO-STATISTICS - Micro data processing | Age coverage - maximum age: 75 years old"
"Ireland","LFS - Quarterly National Household Survey","Share of persons outside the labour force due to care responsibilities by sex (%)","Sex: Male","2011",0.12,,,"Repository: ILO-STATISTICS - Micro data processing | Age coverage - maximum age: 75 years old"
"Ireland","LFS - Quarterly National Household Survey","Share of persons outside the labour force due to care responsibilities by sex (%)","Sex: Female","2011",0.478,,,"Repository: ILO-STATISTICS - Micro data processing | Age coverage - maximum age: 75 years old"
"Ireland","LFS - Quarterly National Household Survey","Share of persons outside the labour force due to care responsibilities by sex (%)","Sex: Total","2010",0.359,,,"Repository: ILO-STATISTICS - Micro data processing | Age coverage - maximum age: 75 years old"
"Ireland","LFS - Quarterly National Household Survey","Share of persons outside the labour force due to care responsibilities by sex (%)","Sex: Male","2010",0.104,,,"Repository: ILO-STATISTICS - Micro data processing | Age coverage - maximum age: 75 years old"
"Ireland","LFS - Quarterly National Household Survey","Share of persons outside the labour force due to care responsibilities by sex (%)","Sex: Female","2010",0.518,,,"Repository: ILO-STATISTICS - Micro data processing | Age coverage - maximum age: 75 years old"
"Ireland","LFS - Quarterly National Household Survey","Share of persons outside the labour force due to care responsibilities by sex (%)","Sex: Total","2009",0.328,,,"Repository: ILO-STATISTICS - Micro data processing | Age coverage - maximum age: 75 years old"
"Ireland","LFS - Quarterly National Household Survey","Share of persons outside the labour force due to care responsibilities by sex (%)","Sex: Male","2009",0.122,,,"Repository: ILO-STATISTICS - Micro data processing | Age coverage - maximum age: 75 years old"
"Ireland","LFS - Quarterly National Household Survey","Share of persons outside the labour force due to care responsibilities by sex (%)","Sex: Female","2009",0.45,,,"Repository: ILO-STATISTICS - Micro data processing | Age coverage - maximum age: 75 years old"
"Ireland","LFS - Quarterly National Household Survey","Share of persons outside the labour force due to care responsibilities by sex (%)","Sex: Total","2008",0.415,,,"Repository: ILO-STATISTICS - Micro data processing | Age coverage - maximum age: 75 years old"
"Ireland","LFS - Quarterly National Household Survey","Share of persons outside the labour force due to care responsibilities by sex (%)","Sex: Male","2008",0.223,,,"Repository: ILO-STATISTICS - Micro data processing | Age coverage - maximum age: 75 years old"
"Ireland","LFS - Quarterly National Household Survey","Share of persons outside the labour force due to care responsibilities by sex (%)","Sex: Female","2008",0.519,,,"Repository: ILO-STATISTICS - Micro data processing | Age coverage - maximum age: 75 years old"
"Ireland","LFS - Quarterly National Household Survey","Share of persons outside the labour force due to care responsibilities by sex (%)","Sex: Total","2007",0.479,,,"Repository: ILO-STATISTICS - Micro data processing | Age coverage - maximum age: 75 years old"
"Ireland","LFS - Quarterly National Household Survey","Share of persons outside the labour force due to care responsibilities by sex (%)","Sex: Male","2007",0.263,,,"Repository: ILO-STATISTICS - Micro data processing | Age coverage - maximum age: 75 years old"
"Ireland","LFS - Quarterly National Household Survey","Share of persons outside the labour force due to care responsibilities by sex (%)","Sex: Female","2007",0.593,,,"Repository: ILO-STATISTICS - Micro data processing | Age coverage - maximum age: 75 years old"
"Ireland","LFS - Quarterly National Household Survey","Share of persons outside the labour force due to care responsibilities by sex (%)","Sex: Total","2006",0.562,,,"Repository: ILO-STATISTICS - Micro data processing | Age coverage - maximum age: 75 years old"
"Ireland","LFS - Quarterly National Household Survey","Share of persons outside the labour force due to care responsibilities by sex (%)","Sex: Male","2006",0.34,,,"Repository: ILO-STATISTICS - Micro data processing | Age coverage - maximum age: 75 years old"
"Ireland","LFS - Quarterly National Household Survey","Share of persons outside the labour force due to care responsibilities by sex (%)","Sex: Female","2006",0.677,,,"Repository: ILO-STATISTICS - Micro data processing | Age coverage - maximum age: 75 years old"
"Ireland","LFS - Quarterly National Household Survey","Share of persons outside the labour force due to care responsibilities by sex (%)","Sex: Total","2000",2.656,,,"Repository: ILO-STATISTICS - Micro data processing | Age coverage - maximum age: 75 years old"
"Ireland","LFS - Quarterly National Household Survey","Share of persons outside the labour force due to care responsibilities by sex (%)","Sex: Male","2000",0.391,,,"Repository: ILO-STATISTICS - Micro data processing | Age coverage - maximum age: 75 years old"
"Ireland","LFS - Quarterly National Household Survey","Share of persons outside the labour force due to care responsibilities by sex (%)","Sex: Female","2000",3.752,,,"Repository: ILO-STATISTICS - Micro data processing | Age coverage - maximum age: 75 years old"
"Ireland","LFS - Quarterly National Household Survey","Share of persons outside the labour force due to care responsibilities by sex (%)","Sex: Total","1999",2.651,,,"Repository: ILO-STATISTICS - Micro data processing | Age coverage - maximum age: 75 years old"
"Ireland","LFS - Quarterly National Household Survey","Share of persons outside the labour force due to care responsibilities by sex (%)","Sex: Male","1999",0.31,,,"Repository: ILO-STATISTICS - Micro data processing | Age coverage - maximum age: 75 years old"
"Ireland","LFS - Quarterly National Household Survey","Share of persons outside the labour force due to care responsibilities by sex (%)","Sex: Female","1999",3.77,,,"Repository: ILO-STATISTICS - Micro data processing | Age coverage - maximum age: 75 years old"
"Ireland","LFS - Quarterly National Household Survey","Share of persons outside the labour force due to care responsibilities by sex (%)","Sex: Total","1998",2.213,"Break in series","Break in series: Methodology revised","Repository: ILO-STATISTICS - Micro data processing | Age coverage - maximum age: 75 years old"
"Ireland","LFS - Quarterly National Household Survey","Share of persons outside the labour force due to care responsibilities by sex (%)","Sex: Male","1998",0.18,"Break in series","Break in series: Methodology revised","Repository: ILO-STATISTICS - Micro data processing | Age coverage - maximum age: 75 years old"
"Ireland","LFS - Quarterly National Household Survey","Share of persons outside the labour force due to care responsibilities by sex (%)","Sex: Female","1998",3.195,"Break in series","Break in series: Methodology revised","Repository: ILO-STATISTICS - Micro data processing | Age coverage - maximum age: 75 years old"
"Lithuania","LFS - EU Labour Force Survey","Share of persons outside the labour force due to care responsibilities by sex (%)","Sex: Total","2023",4.883,,,"Repository: ILO-STATISTICS - Micro data processing"
"Lithuania","LFS - EU Labour Force Survey","Share of persons outside the labour force due to care responsibilities by sex (%)","Sex: Male","2023",1.89,,,"Repository: ILO-STATISTICS - Micro data processing"
"Lithuania","LFS - EU Labour Force Survey","Share of persons outside the labour force due to care responsibilities by sex (%)","Sex: Female","2023",6.841,,,"Repository: ILO-STATISTICS - Micro data processing"
"Lithuania","LFS - EU Labour Force Survey","Share of persons outside the labour force due to care responsibilities by sex (%)","Sex: Total","2022",4.478,,,"Repository: ILO-STATISTICS - Micro data processing"
"Lithuania","LFS - EU Labour Force Survey","Share of persons outside the labour force due to care responsibilities by sex (%)","Sex: Male","2022",1.511,,,"Repository: ILO-STATISTICS - Micro data processing"
"Lithuania","LFS - EU Labour Force Survey","Share of persons outside the labour force due to care responsibilities by sex (%)","Sex: Female","2022",6.432,,,"Repository: ILO-STATISTICS - Micro data processing"
"Lithuania","LFS - EU Labour Force Survey","Share of persons outside the labour force due to care responsibilities by sex (%)","Sex: Total","2021",5.116,,,"Repository: ILO-STATISTICS - Micro data processing"
"Lithuania","LFS - EU Labour Force Survey","Share of persons outside the labour force due to care responsibilities by sex (%)","Sex: Male","2021",2.327,,,"Repository: ILO-STATISTICS - Micro data processing"
"Lithuania","LFS - EU Labour Force Survey","Share of persons outside the labour force due to care responsibilities by sex (%)","Sex: Female","2021",6.912,,,"Repository: ILO-STATISTICS - Micro data processing"
"Latvia","LFS - EU Labour Force Survey","Share of persons outside the labour force due to care responsibilities by sex (%)","Sex: Total","2023",5.457,,,"Repository: ILO-STATISTICS - Micro data processing"
"Latvia","LFS - EU Labour Force Survey","Share of persons outside the labour force due to care responsibilities by sex (%)","Sex: Male","2023",1.575,,,"Repository: ILO-STATISTICS - Micro data processing"
"Latvia","LFS - EU Labour Force Survey","Share of persons outside the labour force due to care responsibilities by sex (%)","Sex: Female","2023",7.785,,,"Repository: ILO-STATISTICS - Micro data processing"
"Latvia","LFS - EU Labour Force Survey","Share of persons outside the labour force due to care responsibilities by sex (%)","Sex: Total","2022",6.199,,,"Repository: ILO-STATISTICS - Micro data processing"
"Latvia","LFS - EU Labour Force Survey","Share of persons outside the labour force due to care responsibilities by sex (%)","Sex: Male","2022",2.241,,,"Repository: ILO-STATISTICS - Micro data processing"
"Latvia","LFS - EU Labour Force Survey","Share of persons outside the labour force due to care responsibilities by sex (%)","Sex: Female","2022",8.547,,,"Repository: ILO-STATISTICS - Micro data processing"
"Latvia","LFS - EU Labour Force Survey","Share of persons outside the labour force due to care responsibilities by sex (%)","Sex: Total","2021",7.377,,,"Repository: ILO-STATISTICS - Micro data processing"
"Latvia","LFS - EU Labour Force Survey","Share of persons outside the labour force due to care responsibilities by sex (%)","Sex: Male","2021",3.756,,,"Repository: ILO-STATISTICS - Micro data processing"
"Latvia","LFS - EU Labour Force Survey","Share of persons outside the labour force due to care responsibilities by sex (%)","Sex: Female","2021",9.504,,,"Repository: ILO-STATISTICS - Micro data processing"
"Norway","LFS - EU Labour Force Survey","Share of persons outside the labour force due to care responsibilities by sex (%)","Sex: Total","2023",1.28,,,"Repository: ILO-STATISTICS - Micro data processing"
"Norway","LFS - EU Labour Force Survey","Share of persons outside the labour force due to care responsibilities by sex (%)","Sex: Male","2023",0.286,"Unreliable",,"Repository: ILO-STATISTICS - Micro data processing"
"Norway","LFS - EU Labour Force Survey","Share of persons outside the labour force due to care responsibilities by sex (%)","Sex: Female","2023",2.093,,,"Repository: ILO-STATISTICS - Micro data processing"
"Norway","LFS - EU Labour Force Survey","Share of persons outside the labour force due to care responsibilities by sex (%)","Sex: Total","2022",1.479,,,"Repository: ILO-STATISTICS - Micro data processing"
"Norway","LFS - EU Labour Force Survey","Share of persons outside the labour force due to care responsibilities by sex (%)","Sex: Male","2022",0.311,"Unreliable",,"Repository: ILO-STATISTICS - Micro data processing"
"Norway","LFS - EU Labour Force Survey","Share of persons outside the labour force due to care responsibilities by sex (%)","Sex: Female","2022",2.436,,,"Repository: ILO-STATISTICS - Micro data processing"
"Norway","LFS - EU Labour Force Survey","Share of persons outside the labour force due to care responsibilities by sex (%)","Sex: Total","2021",1.491,,,"Repository: ILO-STATISTICS - Micro data processing"
"Norway","LFS - EU Labour Force Survey","Share of persons outside the labour force due to care responsibilities by sex (%)","Sex: Male","2021",0.61,"Unreliable",,"Repository: ILO-STATISTICS - Micro data processing"
"Norway","LFS - EU Labour Force Survey","Share of persons outside the labour force due to care responsibilities by sex (%)","Sex: Female","2021",2.098,,,"Repository: ILO-STATISTICS - Micro data processing"
"Peru","LFS - Permanent Employment Survey, National","Share of persons outside the labour force due to care responsibilities by sex (%)","Sex: Total","2023",44.415,,,"Repository: ILO-STATISTICS - Micro data processing"
"Peru","LFS - Permanent Employment Survey, National","Share of persons outside the labour force due to care responsibilities by sex (%)","Sex: Male","2023",18.116,,,"Repository: ILO-STATISTICS - Micro data processing"
"Peru","LFS - Permanent Employment Survey, National","Share of persons outside the labour force due to care responsibilities by sex (%)","Sex: Female","2023",58.682,,,"Repository: ILO-STATISTICS - Micro data processing"
"Peru","LFS - Permanent Employment Survey, National","Share of persons outside the labour force due to care responsibilities by sex (%)","Sex: Total","2022",45.044,"Break in series","Break in series: Methodology revised","Repository: ILO-STATISTICS - Micro data processing"
"Peru","LFS - Permanent Employment Survey, National","Share of persons outside the labour force due to care responsibilities by sex (%)","Sex: Male","2022",18.044,"Break in series","Break in series: Methodology revised","Repository: ILO-STATISTICS - Micro data processing"
"Peru","LFS - Permanent Employment Survey, National","Share of persons outside the labour force due to care responsibilities by sex (%)","Sex: Female","2022",58.921,"Break in series","Break in series: Methodology revised","Repository: ILO-STATISTICS - Micro data processing"
"Sweden","LFS - EU Labour Force Survey","Share of persons outside the labour force due to care responsibilities by sex (%)","Sex: Total","2023",1.527,,,"Repository: ILO-STATISTICS - Micro data processing"
"Sweden","LFS - EU Labour Force Survey","Share of persons outside the labour force due to care responsibilities by sex (%)","Sex: Male","2023",0.396,,,"Repository: ILO-STATISTICS - Micro data processing"
"Sweden","LFS - EU Labour Force Survey","Share of persons outside the labour force due to care responsibilities by sex (%)","Sex: Female","2023",2.474,,,"Repository: ILO-STATISTICS - Micro data processing"
"Sweden","LFS - EU Labour Force Survey","Share of persons outside the labour force due to care responsibilities by sex (%)","Sex: Total","2022",1.95,,,"Repository: ILO-STATISTICS - Micro data processing"
"Sweden","LFS - EU Labour Force Survey","Share of persons outside the labour force due to care responsibilities by sex (%)","Sex: Male","2022",0.386,,,"Repository: ILO-STATISTICS - Micro data processing"
"Sweden","LFS - EU Labour Force Survey","Share of persons outside the labour force due to care responsibilities by sex (%)","Sex: Female","2022",3.245,,,"Repository: ILO-STATISTICS - Micro data processing"
"Sweden","LFS - EU Labour Force Survey","Share of persons outside the labour force due to care responsibilities by sex (%)","Sex: Total","2021",1.969,,,"Repository: ILO-STATISTICS - Micro data processing"
"Sweden","LFS - EU Labour Force Survey","Share of persons outside the labour force due to care responsibilities by sex (%)","Sex: Male","2021",0.474,,,"Repository: ILO-STATISTICS - Micro data processing"
"Sweden","LFS - EU Labour Force Survey","Share of persons outside the labour force due to care responsibilities by sex (%)","Sex: Female","2021",3.202,,,"Repository: ILO-STATISTICS - Micro data processing"
"Uruguay","LFS - Continous Household Survey","Share of persons outside the labour force due to care responsibilities by sex (%)","Sex: Total","2023",9.356,,,"Repository: ILO-STATISTICS - Micro data processing"
"Uruguay","LFS - Continous Household Survey","Share of persons outside the labour force due to care responsibilities by sex (%)","Sex: Male","2023",0.808,,,"Repository: ILO-STATISTICS - Micro data processing"
"Uruguay","LFS - Continous Household Survey","Share of persons outside the labour force due to care responsibilities by sex (%)","Sex: Female","2023",14.176,,,"Repository: ILO-STATISTICS - Micro data processing"
"Uruguay","LFS - Continous Household Survey","Share of persons outside the labour force due to care responsibilities by sex (%)","Sex: Total","2021",8.239,"Break in series","Break in series: Methodology revised","Repository: ILO-STATISTICS - Micro data processing"
"Uruguay","LFS - Continous Household Survey","Share of persons outside the labour force due to care responsibilities by sex (%)","Sex: Male","2021",0.889,"Break in series","Break in series: Methodology revised","Repository: ILO-STATISTICS - Micro data processing"
"Uruguay","LFS - Continous Household Survey","Share of persons outside the labour force due to care responsibilities by sex (%)","Sex: Female","2021",12.79,"Break in series","Break in series: Methodology revised","Repository: ILO-STATISTICS - Micro data processing"
"Uruguay","LFS - Continous Household Survey","Share of persons outside the labour force due to care responsibilities by sex (%)","Sex: Total","2020",7.669,"Break in series","Break in series: Methodology revised","Repository: ILO-STATISTICS - Micro data processing"
"Uruguay","LFS - Continous Household Survey","Share of persons outside the labour force due to care responsibilities by sex (%)","Sex: Male","2020",0.562,"Break in series","Break in series: Methodology revised","Repository: ILO-STATISTICS - Micro data processing"
"Uruguay","LFS - Continous Household Survey","Share of persons outside the labour force due to care responsibilities by sex (%)","Sex: Female","2020",12.135,"Break in series","Break in series: Methodology revised","Repository: ILO-STATISTICS - Micro data processing"
"Venezuela (Bolivarian Republic of)","LFS - Household Sample Survey","Share of persons outside the labour force due to care responsibilities by sex (%)","Sex: Total","2017",45.851,,,"Repository: ILO-STATISTICS - Micro data processing"
"Venezuela (Bolivarian Republic of)","LFS - Household Sample Survey","Share of persons outside the labour force due to care responsibilities by sex (%)","Sex: Male","2017",5.929,,,"Repository: ILO-STATISTICS - Micro data processing"
"Venezuela (Bolivarian Republic of)","LFS - Household Sample Survey","Share of persons outside the labour force due to care responsibilities by sex (%)","Sex: Female","2017",63.331,,,"Repository: ILO-STATISTICS - Micro data processing"
"Venezuela (Bolivarian Republic of)","LFS - Household Sample Survey","Share of persons outside the labour force due to care responsibilities by sex (%)","Sex: Total","2016",40.393,,,"Repository: ILO-STATISTICS - Micro data processing"
"Venezuela (Bolivarian Republic of)","LFS - Household Sample Survey","Share of persons outside the labour force due to care responsibilities by sex (%)","Sex: Male","2016",3.165,,,"Repository: ILO-STATISTICS - Micro data processing"
"Venezuela (Bolivarian Republic of)","LFS - Household Sample Survey","Share of persons outside the labour force due to care responsibilities by sex (%)","Sex: Female","2016",58.047,,,"Repository: ILO-STATISTICS - Micro data processing"
"Venezuela (Bolivarian Republic of)","LFS - Household Sample Survey","Share of persons outside the labour force due to care responsibilities by sex (%)","Sex: Total","2012",39.237,,,"Repository: ILO-STATISTICS - Micro data processing"
"Venezuela (Bolivarian Republic of)","LFS - Household Sample Survey","Share of persons outside the labour force due to care responsibilities by sex (%)","Sex: Male","2012",2.758,,,"Repository: ILO-STATISTICS - Micro data processing"
"Venezuela (Bolivarian Republic of)","LFS - Household Sample Survey","Share of persons outside the labour force due to care responsibilities by sex (%)","Sex: Female","2012",55.57,,,"Repository: ILO-STATISTICS - Micro data processing"
"Venezuela (Bolivarian Republic of)","LFS - Household Sample Survey","Share of persons outside the labour force due to care responsibilities by sex (%)","Sex: Total","2011",40.018,,,"Repository: ILO-STATISTICS - Micro data processing"
"Venezuela (Bolivarian Republic of)","LFS - Household Sample Survey","Share of persons outside the labour force due to care responsibilities by sex (%)","Sex: Male","2011",2.037,,,"Repository: ILO-STATISTICS - Micro data processing"
"Venezuela (Bolivarian Republic of)","LFS - Household Sample Survey","Share of persons outside the labour force due to care responsibilities by sex (%)","Sex: Female","2011",56.444,,,"Repository: ILO-STATISTICS - Micro data processing"
"Venezuela (Bolivarian Republic of)","LFS - Household Sample Survey","Share of persons outside the labour force due to care responsibilities by sex (%)","Sex: Total","2010",40.176,,,"Repository: ILO-STATISTICS - Micro data processing"
"Venezuela (Bolivarian Republic of)","LFS - Household Sample Survey","Share of persons outside the labour force due to care responsibilities by sex (%)","Sex: Male","2010",2.035,,,"Repository: ILO-STATISTICS - Micro data processing"
"Venezuela (Bolivarian Republic of)","LFS - Household Sample Survey","Share of persons outside the labour force due to care responsibilities by sex (%)","Sex: Female","2010",56.306,,,"Repository: ILO-STATISTICS - Micro data processing"
"Venezuela (Bolivarian Republic of)","LFS - Household Sample Survey","Share of persons outside the labour force due to care responsibilities by sex (%)","Sex: Total","2009",40.741,,,"Repository: ILO-STATISTICS - Micro data processing"
"Venezuela (Bolivarian Republic of)","LFS - Household Sample Survey","Share of persons outside the labour force due to care responsibilities by sex (%)","Sex: Male","2009",5.992,,,"Repository: ILO-STATISTICS - Micro data processing"
"Venezuela (Bolivarian Republic of)","LFS - Household Sample Survey","Share of persons outside the labour force due to care responsibilities by sex (%)","Sex: Female","2009",55.598,,,"Repository: ILO-STATISTICS - Micro data processing"
"Venezuela (Bolivarian Republic of)","LFS - Household Sample Survey","Share of persons outside the labour force due to care responsibilities by sex (%)","Sex: Total","2008",41.134,,,"Repository: ILO-STATISTICS - Micro data processing"
"Venezuela (Bolivarian Republic of)","LFS - Household Sample Survey","Share of persons outside the labour force due to care responsibilities by sex (%)","Sex: Male","2008",2.583,,,"Repository: ILO-STATISTICS - Micro data processing"
"Venezuela (Bolivarian Republic of)","LFS - Household Sample Survey","Share of persons outside the labour force due to care responsibilities by sex (%)","Sex: Female","2008",56.961,,,"Repository: ILO-STATISTICS - Micro data processing"
"Venezuela (Bolivarian Republic of)","LFS - Household Sample Survey","Share of persons outside the labour force due to care responsibilities by sex (%)","Sex: Total","2007",41.137,,,"Repository: ILO-STATISTICS - Micro data processing"
"Venezuela (Bolivarian Republic of)","LFS - Household Sample Survey","Share of persons outside the labour force due to care responsibilities by sex (%)","Sex: Male","2007",1.592,,,"Repository: ILO-STATISTICS - Micro data processing"
"Venezuela (Bolivarian Republic of)","LFS - Household Sample Survey","Share of persons outside the labour force due to care responsibilities by sex (%)","Sex: Female","2007",57.196,,,"Repository: ILO-STATISTICS - Micro data processing"
"Venezuela (Bolivarian Republic of)","LFS - Household Sample Survey","Share of persons outside the labour force due to care responsibilities by sex (%)","Sex: Total","2006",41.239,,,"Repository: ILO-STATISTICS - Micro data processing"
"Venezuela (Bolivarian Republic of)","LFS - Household Sample Survey","Share of persons outside the labour force due to care responsibilities by sex (%)","Sex: Male","2006",1.739,,,"Repository: ILO-STATISTICS - Micro data processing"
"Venezuela (Bolivarian Republic of)","LFS - Household Sample Survey","Share of persons outside the labour force due to care responsibilities by sex (%)","Sex: Female","2006",56.926,,,"Repository: ILO-STATISTICS - Micro data processing"
