Economy,Year,Economy Code,"Proportion of time spent on unpaid domestic and care work, female (% of 24 hour day)","Proportion of time spent on unpaid domestic and care work, male (% of 24 hour day)"
Afghanistan,2019,AFG,,
Albania,2019,ALB,,
Algeria,2019,DZA,,
American Samoa,2019,ASM,,
Andorra,2019,AND,,
Angola,2019,AGO,,
Antigua and Barbuda,2019,ATG,,
Argentina,2019,ARG,,
Armenia,2019,ARM,,
Aruba,2019,ABW,,
Australia,2019,AUS,,
Austria,2019,AUT,,
Azerbaijan,2019,AZE,,
"Bahamas, The",2019,BHS,,
Bahrain,2019,BHR,,
Bangladesh,2019,BGD,,
Barbados,2019,BRB,,
Belarus,2015,BLR,19.167,9.514
Belgium,2019,BEL,,
Belize,2019,BLZ,,
Benin,2019,BEN,,
Bermuda,2019,BMU,,
Bhutan,2015,BTN,15.000,5.903
Bolivia,2019,BOL,,
Bosnia and Herzegovina,2019,BIH,,
Botswana,2019,BWA,,
Brazil,2017,BRA,11.608,5.133
British Virgin Islands,2019,VGB,,
Brunei Darussalam,2019,BRN,,
Bulgaria,2019,BGR,,
Burkina Faso,2019,BFA,,
Burundi,2019,BDI,,
Cabo Verde,2019,CPV,,
Cambodia,2019,KHM,,
Cameroon,2019,CMR,,
Canada,2016,CAN,14.583,9.583
Cayman Islands,2019,CYM,,
Central African Republic,2019,CAF,,
Chad,2019,TCD,,
Channel Islands,2019,CHI,,
Chile,2015,CHL,22.104,9.854
China,2018,CHN,15.347,5.903
Colombia,2017,COL,5.021,2.928
Comoros,2019,COM,,
"Congo, Dem. Rep.",2019,COD,,
"Congo, Rep.",2019,COG,,
Costa Rica,2017,CRI,22.146,8.379
Cote d'Ivoire,2019,CIV,,
Croatia,2019,HRV,,
Cuba,2016,CUB,21.000,12.470
Curacao,2019,CUW,,
Cyprus,2019,CYP,,
Czechia,2019,CZE,,
Denmark,2019,DNK,,
Djibouti,2019,DJI,,
Dominica,2019,DMA,,
Dominican Republic,2016,DOM,16.709,3.786
Ecuador,2019,ECU,,
"Egypt, Arab Rep.",2015,EGY,22.361,2.431
El Salvador,2017,SLV,20.213,7.029
Equatorial Guinea,2019,GNQ,,
Eritrea,2019,ERI,,
Estonia,2019,EST,,
Eswatini,2019,SWZ,,
Ethiopia,2019,ETH,,
Faroe Islands,2019,FRO,,
Fiji,2016,FJI,15.158,5.195
Finland,2019,FIN,,
France,2019,FRA,,
French Polynesia,2019,PYF,,
Gabon,2019,GAB,,
"Gambia, The",2019,GMB,,
Georgia,2019,GEO,,
Germany,2019,DEU,,
Ghana,2019,GHA,,
Gibraltar,2019,GIB,,
Greece,2019,GRC,,
Greenland,2019,GRL,,
Grenada,2019,GRD,,
Guam,2019,GUM,,
Guatemala,2017,GTM,19.483,2.605
Guinea,2019,GIN,,
Guinea-Bissau,2019,GNB,,
Guyana,2019,GUY,,
Haiti,2019,HTI,,
Honduras,2019,HND,,
"Hong Kong SAR, China",2019,HKG,,
Hungary,2019,HUN,,
Iceland,2019,ISL,,
India,2019,IND,,
Indonesia,2019,IDN,,
"Iran, Islamic Rep.",2019,IRN,,
Iraq,2019,IRQ,,
Ireland,2019,IRL,,
Isle of Man,2019,IMN,,
Israel,2019,ISR,,
Italy,2019,ITA,,
Jamaica,2019,JAM,,
Japan,2016,JPN,15.139,3.125
Jordan,2019,JOR,,
Kazakhstan,2018,KAZ,18.958,6.250
Kenya,2019,KEN,,
Kiribati,2019,KIR,,
"Korea, Dem. People's Rep.",2019,PRK,,
"Korea, Rep.",2019,KOR,14.097,4.375
Kosovo,2019,XKX,,
Kuwait,2019,KWT,,
Kyrgyz Republic,2015,KGZ,16.806,9.514
Lao PDR,2017,LAO,13.604,10.063
Latvia,2019,LVA,,
Lebanon,2019,LBN,,
Lesotho,2019,LSO,,
Liberia,2019,LBR,,
Libya,2019,LBY,,
Liechtenstein,2019,LIE,,
Lithuania,2019,LTU,,
Luxembourg,2019,LUX,,
"Macao SAR, China",2019,MAC,,
Madagascar,2019,MDG,,
Malawi,2019,MWI,,
Malaysia,2019,MYS,,
Maldives,2019,MDV,,
Mali,2019,MLI,,
Malta,2019,MLT,,
Marshall Islands,2019,MHL,,
Mauritania,2019,MRT,,
Mauritius,2019,MUS,,
Mexico,2019,MEX,27.768,11.112
"Micronesia, Fed. Sts.",2019,FSM,,
Moldova,2019,MDA,,
Monaco,2019,MCO,,
Mongolia,2019,MNG,19.291,7.596
Montenegro,2019,MNE,,
Morocco,2019,MAR,,
Mozambique,2019,MOZ,,
Myanmar,2019,MMR,,
Namibia,2019,NAM,,
Nauru,2019,NRU,,
Nepal,2019,NPL,,
Netherlands,2019,NLD,,
New Caledonia,2019,NCL,,
New Zealand,2019,NZL,,
Nicaragua,2019,NIC,,
Niger,2019,NER,,
Nigeria,2019,NGA,,
North Macedonia,2015,MKD,15.417,5.417
Northern Mariana Islands,2019,MNP,,
Norway,2019,NOR,,
Oman,2019,OMN,,
Pakistan,2019,PAK,,
Palau,2019,PLW,,
Panama,2019,PAN,,
Papua New Guinea,2019,PNG,,
Paraguay,2016,PRY,14.525,4.270
Peru,2019,PER,,
Philippines,2019,PHL,,
Poland,2019,POL,,
Portugal,2015,PRT,17.811,10.241
Puerto Rico,2019,PRI,,
Qatar,2019,QAT,,
Romania,2019,ROU,,
Russian Federation,2019,RUS,,
Rwanda,2019,RWA,,
Samoa,2019,WSM,,
San Marino,2019,SMR,,
Sao Tome and Principe,2019,STP,,
Saudi Arabia,2019,SAU,,
Senegal,2019,SEN,,
Serbia,2015,SRB,19.168,8.690
Seychelles,2019,SYC,,
Sierra Leone,2019,SLE,,
Singapore,2019,SGP,,
Sint Maarten (Dutch part),2019,SXM,,
Slovak Republic,2019,SVK,,
Slovenia,2019,SVN,,
Solomon Islands,2019,SLB,,
Somalia,2019,SOM,,
South Africa,2019,ZAF,,
South Sudan,2019,SSD,,
Spain,2019,ESP,,
Sri Lanka,2019,LKA,,
St. Kitts and Nevis,2019,KNA,,
St. Lucia,2019,LCA,,
St. Martin (French part),2019,MAF,,
St. Vincent and the Grenadines,2019,VCT,,
Sudan,2019,SDN,,
Suriname,2019,SUR,,
Sweden,2019,SWE,,
Switzerland,2016,CHE,16.833,10.804
Syrian Arab Republic,2019,SYR,,
Tajikistan,2019,TJK,,
Tanzania,2019,TZA,,
Thailand,2015,THA,11.833,3.750
Timor-Leste,2019,TLS,,
Togo,2019,TGO,,
Tonga,2019,TON,,
Trinidad and Tobago,2019,TTO,,
Tunisia,2019,TUN,,
Turkiye,2015,TUR,19.151,3.706
Turkmenistan,2019,TKM,,
Turks and Caicos Islands,2019,TCA,,
Tuvalu,2019,TUV,,
Uganda,2018,UGA,14.583,7.500
Ukraine,2019,UKR,,
United Arab Emirates,2019,ARE,,
United Kingdom,2015,GBR,12.653,6.965
United States,2019,USA,15.333,9.667
Uruguay,2019,URY,,
Uzbekistan,2019,UZB,,
Vanuatu,2019,VUT,,
"Venezuela, RB",2019,VEN,,
Vietnam,2019,VNM,,
Virgin Islands (U.S.),2019,VIR,,
West Bank and Gaza,2019,PSE,,
"Yemen, Rep.",2019,YEM,,
Zambia,2019,ZMB,,
Zimbabwe,2019,ZWE,,