Entity,Code,Year,5.5.2 - Proportion of women in senior and middle management positions - 13th ICLS (%) - IC_GEN_MGTN
Afghanistan,AFG,2014,6.93
Afghanistan,AFG,2017,4.26
Afghanistan,AFG,2020,5.89
Angola,AGO,2009,14.78
Angola,AGO,2014,18.19
Angola,AGO,2019,10.9
Angola,AGO,2021,11.01
Argentina,ARG,2004,28.61
Argentina,ARG,2005,26.26
Argentina,ARG,2006,29.41
Argentina,ARG,2008,29.93
Argentina,ARG,2009,34.43
Argentina,ARG,2010,32.14
Argentina,ARG,2011,30.15
Argentina,ARG,2012,32.34
Argentina,ARG,2013,36.49
Argentina,ARG,2014,38.64
Argentina,ARG,2017,32.63
Argentina,ARG,2018,33.18
Argentina,ARG,2019,33.14
Argentina,ARG,2020,36.98
Argentina,ARG,2021,37.36
Argentina,ARG,2022,37.91
Australia,AUS,2001,29.26
Australia,AUS,2002,28.85
Australia,AUS,2003,29.56
Australia,AUS,2004,32.04
Australia,AUS,2005,28.24
Australia,AUS,2006,33.31
Australia,AUS,2007,30.98
Australia,AUS,2008,39.04
Australia,AUS,2009,30.15
Australia,AUS,2010,33.53
Australia,AUS,2011,27.61
Australia,AUS,2012,29.89
Australia,AUS,2013,32.87
Australia,AUS,2014,34.99
Australia,AUS,2015,35.3
Australia,AUS,2016,36.23
Australia,AUS,2017,35.11
Australia,AUS,2018,33.85
Australia,AUS,2019,34.65
Australia,AUS,2020,34.16
Australia,AUS,2021,38.23
Austria,AUT,2000,28.14
Austria,AUT,2001,29.33
Austria,AUT,2002,30.78
Austria,AUT,2003,28.54
Austria,AUT,2004,23.02
Austria,AUT,2005,21.5
Austria,AUT,2006,20.96
Austria,AUT,2007,21
Austria,AUT,2008,25.19
Austria,AUT,2009,23.25
Austria,AUT,2010,25.42
Austria,AUT,2011,26.07
Austria,AUT,2012,27.13
Austria,AUT,2013,26.33
Austria,AUT,2014,27.85
Austria,AUT,2015,27.88
Austria,AUT,2016,29.52
Austria,AUT,2017,29.19
Austria,AUT,2018,28.86
Austria,AUT,2019,32.01
Austria,AUT,2020,31.47
Austria,AUT,2021,34.31
Austria,AUT,2022,31.53
Bangladesh,BGD,2006,10.9
Bangladesh,BGD,2010,10.04
Bangladesh,BGD,2017,11.48
Barbados,BRB,2015,61.33
Barbados,BRB,2016,52.3
Barbados,BRB,2017,52.86
Barbados,BRB,2018,49.43
Barbados,BRB,2019,47.72
Belarus,BLR,2016,45.99
Belarus,BLR,2017,47.6
Belarus,BLR,2018,44.73
Belarus,BLR,2019,45.81
Belarus,BLR,2020,47.75
Belarus,BLR,2021,43.98
Belarus,BLR,2022,42.36
Belgium,BEL,2000,24.53
Belgium,BEL,2001,28.38
Belgium,BEL,2002,27.97
Belgium,BEL,2003,27.33
Belgium,BEL,2004,26.91
Belgium,BEL,2005,30.24
Belgium,BEL,2006,31.13
Belgium,BEL,2007,33.58
Belgium,BEL,2008,31.9
Belgium,BEL,2009,34.57
Belgium,BEL,2010,34.77
Belgium,BEL,2011,30.45
Belgium,BEL,2012,31.67
Belgium,BEL,2013,30.75
Belgium,BEL,2014,31.3
Belgium,BEL,2015,31.04
Belgium,BEL,2016,31.98
Belgium,BEL,2017,32.94
Belgium,BEL,2018,32.87
Belgium,BEL,2019,35.07
Belgium,BEL,2020,36.51
Belgium,BEL,2021,34.45
Belgium,BEL,2022,35.26
Belize,BLZ,2015,39.14
Belize,BLZ,2016,41.71
Bhutan,BTN,2018,20.24
Bhutan,BTN,2019,17.77
Bhutan,BTN,2020,18.95
Bhutan,BTN,2021,20.43
Bhutan,BTN,2022,16.63
Bolivia,BOL,2000,37.9
Bolivia,BOL,2001,18.52
Bolivia,BOL,2005,31.64
Bolivia,BOL,2007,31.29
Bolivia,BOL,2008,35.12
Bolivia,BOL,2009,38.81
Bolivia,BOL,2011,35.55
Bolivia,BOL,2012,32.03
Bolivia,BOL,2013,31.09
Bolivia,BOL,2014,35.46
Bolivia,BOL,2015,34.45
Bolivia,BOL,2016,29.99
Bolivia,BOL,2017,26.75
Bolivia,BOL,2018,30.44
Bolivia,BOL,2019,28.49
Bolivia,BOL,2020,30.93
Bolivia,BOL,2021,28.56
Bolivia,BOL,2022,29.98
Bosnia and Herzegovina,BIH,2006,23.73
Bosnia and Herzegovina,BIH,2007,20.27
Bosnia and Herzegovina,BIH,2008,33.35
Bosnia and Herzegovina,BIH,2009,27.67
Bosnia and Herzegovina,BIH,2010,30.16
Bosnia and Herzegovina,BIH,2011,22.6
Bosnia and Herzegovina,BIH,2012,23.03
Bosnia and Herzegovina,BIH,2013,21.42
Bosnia and Herzegovina,BIH,2014,24.16
Bosnia and Herzegovina,BIH,2015,24.18
Bosnia and Herzegovina,BIH,2016,18.78
Bosnia and Herzegovina,BIH,2017,18.83
Bosnia and Herzegovina,BIH,2018,26.12
Bosnia and Herzegovina,BIH,2019,25.43
Bosnia and Herzegovina,BIH,2020,24.89
Bosnia and Herzegovina,BIH,2021,20.17
Bosnia and Herzegovina,BIH,2022,24.09
Botswana,BWA,2019,57.77
Botswana,BWA,2020,56.68
Botswana,BWA,2021,58.39
Botswana,BWA,2022,59.22
Brazil,BRA,2002,35.02
Brazil,BRA,2003,34.22
Brazil,BRA,2004,35.67
Brazil,BRA,2005,38.07
Brazil,BRA,2006,36.3
Brazil,BRA,2007,37.68
Brazil,BRA,2008,35.83
Brazil,BRA,2009,35.22
Brazil,BRA,2011,36.58
Brazil,BRA,2012,35.62
Brazil,BRA,2013,36.18
Brazil,BRA,2014,36.48
Brazil,BRA,2015,37.1
Brazil,BRA,2016,37.56
Brazil,BRA,2017,37.66
Brazil,BRA,2018,37.86
Brazil,BRA,2019,37.59
Brazil,BRA,2020,35.47
Brazil,BRA,2021,37.16
Brazil,BRA,2022,38.29
Brunei,BRN,2014,32.51
Brunei,BRN,2017,36.97
Brunei,BRN,2018,34.55
Brunei,BRN,2019,32.26
Brunei,BRN,2020,37.43
Brunei,BRN,2021,41.14
Brunei,BRN,2022,32.51
Bulgaria,BGR,2000,37.46
Bulgaria,BGR,2001,40.52
Bulgaria,BGR,2002,42.31
Bulgaria,BGR,2003,37.8
Bulgaria,BGR,2004,41.43
Bulgaria,BGR,2005,40.61
Bulgaria,BGR,2006,37.56
Bulgaria,BGR,2007,36.41
Bulgaria,BGR,2008,36.23
Bulgaria,BGR,2009,36.42
Bulgaria,BGR,2010,38.59
Bulgaria,BGR,2011,38.04
Bulgaria,BGR,2012,36.8
Bulgaria,BGR,2013,37.46
Bulgaria,BGR,2014,34.27
Bulgaria,BGR,2015,37.35
Bulgaria,BGR,2016,38.58
Bulgaria,BGR,2017,41.78
Bulgaria,BGR,2018,39.62
Bulgaria,BGR,2019,39.35
Bulgaria,BGR,2020,42.12
Bulgaria,BGR,2021,38.02
Bulgaria,BGR,2022,40.39
Burkina Faso,BFA,2018,23.95
Burundi,BDI,2020,25.67
Cambodia,KHM,2000,15.36
Cambodia,KHM,2001,10.56
Cambodia,KHM,2003,17.32
Cambodia,KHM,2007,27.65
Cambodia,KHM,2008,18.7
Cambodia,KHM,2009,17.49
Cambodia,KHM,2010,12.8
Cambodia,KHM,2011,14.64
Cambodia,KHM,2012,16.67
Cambodia,KHM,2013,22.47
Cambodia,KHM,2014,15.89
Cambodia,KHM,2015,25.09
Cambodia,KHM,2016,33.14
Cambodia,KHM,2017,20.15
Cambodia,KHM,2019,29.23
Cambodia,KHM,2020,24.53
Cambodia,KHM,2021,24.62
Cape Verde,CPV,2009,28.98
Chile,CHL,2000,35.52
Chile,CHL,2003,42.6
Chile,CHL,2006,28.75
Chile,CHL,2009,28.29
Chile,CHL,2011,48.55
Chile,CHL,2013,44.65
Chile,CHL,2015,46.41
Chile,CHL,2017,43.07
Chile,CHL,2020,37.47
Chile,CHL,2022,31.6
Colombia,COL,2002,26.99
Colombia,COL,2003,28.71
Colombia,COL,2004,28.46
Colombia,COL,2005,26.97
Colombia,COL,2008,28.86
Colombia,COL,2009,26.83
Colombia,COL,2010,26.42
Colombia,COL,2011,27.29
Colombia,COL,2012,27.4
Colombia,COL,2013,28.26
Colombia,COL,2014,27.94
Colombia,COL,2015,28.34
Colombia,COL,2016,28.99
Colombia,COL,2017,28.97
Colombia,COL,2018,29.47
Colombia,COL,2019,30.34
Colombia,COL,2020,30.29
Colombia,COL,2021,30.33
Colombia,COL,2022,41.69
Cook Islands,COK,2016,31.38
Cook Islands,COK,2019,55.98
Costa Rica,CRI,2001,25.24
Costa Rica,CRI,2002,26.25
Costa Rica,CRI,2003,29.05
Costa Rica,CRI,2004,26.19
Costa Rica,CRI,2005,24.88
Costa Rica,CRI,2006,29.92
Costa Rica,CRI,2007,26.57
Costa Rica,CRI,2017,41.43
Costa Rica,CRI,2018,37.52
Costa Rica,CRI,2019,42.77
Costa Rica,CRI,2021,41.63
Costa Rica,CRI,2022,45.88
Cote d'Ivoire,CIV,2016,22.16
Cote d'Ivoire,CIV,2017,22.16
Croatia,HRV,2002,26.75
Croatia,HRV,2003,28.26
Croatia,HRV,2004,17.51
Croatia,HRV,2005,28.21
Croatia,HRV,2006,27.47
Croatia,HRV,2007,22.72
Croatia,HRV,2008,32.1
Croatia,HRV,2009,37.2
Croatia,HRV,2010,27.43
Croatia,HRV,2011,23.57
Croatia,HRV,2012,25.77
Croatia,HRV,2013,23.97
Croatia,HRV,2014,24.02
Croatia,HRV,2015,25.79
Croatia,HRV,2016,29.33
Croatia,HRV,2017,27.94
Croatia,HRV,2018,26.24
Croatia,HRV,2019,24.34
Croatia,HRV,2020,29.13
Croatia,HRV,2021,29.61
Croatia,HRV,2022,23.42
Cyprus,CYP,2000,18.49
Cyprus,CYP,2001,18.55
Cyprus,CYP,2002,17.3
Cyprus,CYP,2003,17.94
Cyprus,CYP,2004,15.57
Cyprus,CYP,2005,17.07
Cyprus,CYP,2006,17.23
Cyprus,CYP,2007,17.69
Cyprus,CYP,2008,20.44
Cyprus,CYP,2009,13.76
Cyprus,CYP,2010,14.32
Cyprus,CYP,2011,14.67
Cyprus,CYP,2012,16.44
Cyprus,CYP,2013,18.7
Cyprus,CYP,2014,18.14
Cyprus,CYP,2015,25.22
Cyprus,CYP,2016,26.99
Cyprus,CYP,2017,22.35
Cyprus,CYP,2018,19.7
Cyprus,CYP,2019,23.74
Cyprus,CYP,2020,25.22
Cyprus,CYP,2021,22.43
Cyprus,CYP,2022,25.54
Czechia,CZE,2000,27.83
Czechia,CZE,2001,28.9
Czechia,CZE,2002,28.77
Czechia,CZE,2003,30.37
Czechia,CZE,2004,29.42
Czechia,CZE,2005,31.6
Czechia,CZE,2006,30.7
Czechia,CZE,2007,29.5
Czechia,CZE,2008,29.29
Czechia,CZE,2009,28.91
Czechia,CZE,2010,27.84
Czechia,CZE,2011,23.76
Czechia,CZE,2012,22.92
Czechia,CZE,2013,24.34
Czechia,CZE,2014,26.31
Czechia,CZE,2015,27.52
Czechia,CZE,2016,23.02
Czechia,CZE,2017,23.96
Czechia,CZE,2018,26.2
Czechia,CZE,2019,26.13
Czechia,CZE,2020,26.99
Czechia,CZE,2021,27.57
Czechia,CZE,2022,25.84
Democratic Republic of Congo,COD,2005,5.45
Democratic Republic of Congo,COD,2020,29.58
Denmark,DNK,2000,19.74
Denmark,DNK,2001,17.57
Denmark,DNK,2002,17.88
Denmark,DNK,2003,20.48
Denmark,DNK,2004,20.62
Denmark,DNK,2005,21.36
Denmark,DNK,2006,20.36
Denmark,DNK,2007,25.3
Denmark,DNK,2008,19.42
Denmark,DNK,2009,19.89
Denmark,DNK,2010,19.14
Denmark,DNK,2011,28.5
Denmark,DNK,2012,28.56
Denmark,DNK,2013,26.96
Denmark,DNK,2014,25.86
Denmark,DNK,2015,26.19
Denmark,DNK,2016,28.01
Denmark,DNK,2017,27
Denmark,DNK,2018,26.33
Denmark,DNK,2019,26.63
Denmark,DNK,2020,28.03
Denmark,DNK,2021,29.43
Denmark,DNK,2022,31.17
Dominican Republic,DOM,2000,36.94
Dominican Republic,DOM,2001,40.03
Dominican Republic,DOM,2002,31.5
Dominican Republic,DOM,2003,39.05
Dominican Republic,DOM,2004,40.33
Dominican Republic,DOM,2005,45.09
Dominican Republic,DOM,2006,45
Dominican Republic,DOM,2007,38.58
Dominican Republic,DOM,2008,37.51
Dominican Republic,DOM,2009,45.37
Dominican Republic,DOM,2010,46.2
Dominican Republic,DOM,2011,51.83
Dominican Republic,DOM,2012,57.97
Dominican Republic,DOM,2013,46.59
Dominican Republic,DOM,2014,46.67
Dominican Republic,DOM,2015,48.27
Dominican Republic,DOM,2016,47.62
Dominican Republic,DOM,2017,51.34
Dominican Republic,DOM,2018,45.55
Dominican Republic,DOM,2019,50.63
Dominican Republic,DOM,2020,47.62
Dominican Republic,DOM,2021,56.11
Dominican Republic,DOM,2022,58.71
East Timor,TLS,2010,8.58
East Timor,TLS,2013,32.98
East Timor,TLS,2016,24.51
East Timor,TLS,2021,13.27
East Timor,TLS,2022,22.39
Ecuador,ECU,2003,34.41
Ecuador,ECU,2004,32.92
Ecuador,ECU,2005,33.67
Ecuador,ECU,2006,30.18
Ecuador,ECU,2007,40.11
Ecuador,ECU,2008,33.6
Ecuador,ECU,2009,32.68
Ecuador,ECU,2010,33.55
Ecuador,ECU,2011,43.86
Ecuador,ECU,2012,43.23
Ecuador,ECU,2013,34.57
Ecuador,ECU,2014,35.7
Ecuador,ECU,2015,33.51
Ecuador,ECU,2016,34.02
Ecuador,ECU,2017,35.31
Ecuador,ECU,2018,35.53
Ecuador,ECU,2019,37.27
Ecuador,ECU,2020,39.44
Ecuador,ECU,2021,37.6
Ecuador,ECU,2022,39.87
Egypt,EGY,2009,14
Egypt,EGY,2010,13.88
Egypt,EGY,2011,13.51
Egypt,EGY,2012,9.73
Egypt,EGY,2013,7.12
Egypt,EGY,2015,6.42
Egypt,EGY,2016,7.11
Egypt,EGY,2017,6.37
Egypt,EGY,2018,7.35
Egypt,EGY,2019,7.09
Egypt,EGY,2020,20.71
Egypt,EGY,2021,20.47
Egypt,EGY,2022,22.16
El Salvador,SLV,2010,37.64
El Salvador,SLV,2011,42.93
El Salvador,SLV,2012,55.83
El Salvador,SLV,2013,42.69
El Salvador,SLV,2014,35.58
El Salvador,SLV,2015,40.67
El Salvador,SLV,2016,34.08
El Salvador,SLV,2017,32.65
El Salvador,SLV,2018,35.74
El Salvador,SLV,2019,43.13
El Salvador,SLV,2020,48.82
El Salvador,SLV,2021,40.46
El Salvador,SLV,2022,42.73
Estonia,EST,2000,34.83
Estonia,EST,2001,38.17
Estonia,EST,2002,37.17
Estonia,EST,2003,34.8
Estonia,EST,2004,41.23
Estonia,EST,2005,41.04
Estonia,EST,2006,39.63
Estonia,EST,2007,34.91
Estonia,EST,2008,36.6
Estonia,EST,2009,34.34
Estonia,EST,2010,38.37
Estonia,EST,2011,34.63
Estonia,EST,2012,31.62
Estonia,EST,2013,32.81
Estonia,EST,2014,30.84
Estonia,EST,2015,28.14
Estonia,EST,2016,31.78
Estonia,EST,2017,34.73
Estonia,EST,2018,33.5
Estonia,EST,2019,35.5
Estonia,EST,2020,35.87
Estonia,EST,2021,39.83
Estonia,EST,2022,38.27
Eswatini,SWZ,2016,54.64
Eswatini,SWZ,2021,41.67
Ethiopia,ETH,2005,15.07
Ethiopia,ETH,2013,21.08
Ethiopia,ETH,2021,27
Fiji,FJI,2011,30.71
Fiji,FJI,2016,38.58
Finland,FIN,2000,27.55
Finland,FIN,2001,29.74
Finland,FIN,2002,30.23
Finland,FIN,2003,30.93
Finland,FIN,2004,30.68
Finland,FIN,2005,32.82
Finland,FIN,2006,33.61
Finland,FIN,2007,32.06
Finland,FIN,2008,32.36
Finland,FIN,2009,35.42
Finland,FIN,2010,32.75
Finland,FIN,2011,32.01
Finland,FIN,2012,30.57
Finland,FIN,2013,31.26
Finland,FIN,2014,33.31
Finland,FIN,2015,37.2
Finland,FIN,2016,30.68
Finland,FIN,2017,33.05
Finland,FIN,2018,30.96
Finland,FIN,2019,33.37
Finland,FIN,2020,40.82
Finland,FIN,2021,35.61
Finland,FIN,2022,36.95
France,FRA,2005,36.37
France,FRA,2006,37.01
France,FRA,2007,36.46
France,FRA,2008,36.79
France,FRA,2009,37.37
France,FRA,2010,38.59
France,FRA,2011,39.13
France,FRA,2012,39.2
France,FRA,2013,35.58
France,FRA,2014,32.03
France,FRA,2015,30.93
France,FRA,2016,31.07
France,FRA,2017,32.64
France,FRA,2018,34.38
France,FRA,2019,34.3
France,FRA,2020,34.95
France,FRA,2021,36.77
France,FRA,2022,39.39
Gambia,GMB,2012,32.66
Gambia,GMB,2023,31.37
Georgia,GEO,2009,29.99
Georgia,GEO,2010,29.77
Georgia,GEO,2011,33.52
Georgia,GEO,2012,31.01
Georgia,GEO,2013,32.75
Georgia,GEO,2014,33.76
Georgia,GEO,2015,38.79
Georgia,GEO,2016,44.17
Georgia,GEO,2017,31.99
Georgia,GEO,2018,35.68
Georgia,GEO,2019,36.65
Georgia,GEO,2020,33.76
Germany,DEU,2000,20.66
Germany,DEU,2001,20.59
Germany,DEU,2002,21.99
Germany,DEU,2003,23.06
Germany,DEU,2004,22.76
Germany,DEU,2005,23.52
Germany,DEU,2006,24.01
Germany,DEU,2007,23.29
Germany,DEU,2008,27.07
Germany,DEU,2009,25.45
Germany,DEU,2010,26.15
Germany,DEU,2011,24.77
Germany,DEU,2012,27.35
Germany,DEU,2013,27.58
Germany,DEU,2014,27.66
Germany,DEU,2015,27.63
Germany,DEU,2016,28.43
Germany,DEU,2017,28.11
Germany,DEU,2018,28.34
Germany,DEU,2019,28.74
Germany,DEU,2020,27.11
Germany,DEU,2021,27.5
Germany,DEU,2022,26.54
Ghana,GHA,2006,11.61
Ghana,GHA,2013,26.67
Ghana,GHA,2015,33.11
Ghana,GHA,2017,26.56
Greece,GRC,2000,20.71
Greece,GRC,2001,19.77
Greece,GRC,2002,17.73
Greece,GRC,2003,21.16
Greece,GRC,2004,22.9
Greece,GRC,2005,23.69
Greece,GRC,2006,26.66
Greece,GRC,2007,28.03
Greece,GRC,2008,28.3
Greece,GRC,2009,29.8
Greece,GRC,2010,29.85
Greece,GRC,2011,22.08
Greece,GRC,2012,22.17
Greece,GRC,2013,25.66
Greece,GRC,2014,27.75
Greece,GRC,2015,24.76
Greece,GRC,2016,24.7
Greece,GRC,2017,29.88
Greece,GRC,2018,30.4
Greece,GRC,2019,30.54
Greece,GRC,2020,28.44
Greece,GRC,2021,29.44
Greece,GRC,2022,33.74
Grenada,GRD,2018,49.45
Grenada,GRD,2019,33.28
Grenada,GRD,2020,36.3
Guatemala,GTM,2003,25.52
Guatemala,GTM,2004,46.56
Guatemala,GTM,2006,32.62
Guatemala,GTM,2010,33.15
Guatemala,GTM,2011,60.73
Guatemala,GTM,2012,35.57
Guatemala,GTM,2013,29.4
Guatemala,GTM,2014,35.44
Guatemala,GTM,2015,34.63
Guatemala,GTM,2016,39.17
Guatemala,GTM,2017,34.5
Guatemala,GTM,2018,37.79
Guatemala,GTM,2019,39.36
Guatemala,GTM,2021,48.03
Guatemala,GTM,2022,37.64
Guinea-Bissau,GNB,2018,34.75
Guyana,GUY,2018,38.47
Guyana,GUY,2019,45.87
Honduras,HND,2005,33.15
Honduras,HND,2006,33.83
Honduras,HND,2007,33.77
Honduras,HND,2008,33.32
Honduras,HND,2009,34.25
Honduras,HND,2010,35.54
Honduras,HND,2011,31.56
Honduras,HND,2012,35.89
Honduras,HND,2013,36.21
Honduras,HND,2014,42.32
Honduras,HND,2015,42.39
Honduras,HND,2016,41.08
Honduras,HND,2017,41.04
Honduras,HND,2018,47.11
Honduras,HND,2019,47.47
Honduras,HND,2020,39.66
Honduras,HND,2022,27.91
Hungary,HUN,2000,34.19
Hungary,HUN,2001,37.65
Hungary,HUN,2002,37.86
Hungary,HUN,2003,37.19
Hungary,HUN,2004,36.65
Hungary,HUN,2005,39.4
Hungary,HUN,2006,40.94
Hungary,HUN,2007,39.04
Hungary,HUN,2008,40.78
Hungary,HUN,2009,39.9
Hungary,HUN,2010,39.96
Hungary,HUN,2011,38.22
Hungary,HUN,2012,36.26
Hungary,HUN,2013,38.26
Hungary,HUN,2014,37.59
Hungary,HUN,2015,39.06
Hungary,HUN,2016,37.72
Hungary,HUN,2017,37.64
Hungary,HUN,2018,37.05
Hungary,HUN,2019,35.9
Hungary,HUN,2020,36.78
Hungary,HUN,2021,36.02
Hungary,HUN,2022,37.06
Iceland,ISL,2000,30.41
Iceland,ISL,2001,30.18
Iceland,ISL,2002,32.26
Iceland,ISL,2003,40
Iceland,ISL,2004,38.12
Iceland,ISL,2005,30.04
Iceland,ISL,2006,33.97
Iceland,ISL,2007,33.05
Iceland,ISL,2008,36.96
Iceland,ISL,2009,38.35
Iceland,ISL,2010,37.14
Iceland,ISL,2011,39.09
Iceland,ISL,2012,38.2
Iceland,ISL,2013,37.87
Iceland,ISL,2014,38.24
Iceland,ISL,2015,39.51
Iceland,ISL,2016,34.76
Iceland,ISL,2017,32.96
Iceland,ISL,2018,43.05
Iceland,ISL,2019,44.01
Iceland,ISL,2020,38.62
Iceland,ISL,2021,37.34
Iceland,ISL,2022,39.37
India,IND,2010,12.15
India,IND,2018,14.36
India,IND,2019,17
India,IND,2020,17.33
India,IND,2021,16.96
India,IND,2022,16.21
Indonesia,IDN,2007,15.81
Indonesia,IDN,2008,16.44
Indonesia,IDN,2009,18.06
Indonesia,IDN,2010,19.43
Iran,IRN,2009,1.87
Iran,IRN,2010,7.35
Iran,IRN,2011,7.09
Iran,IRN,2012,1.19
Iran,IRN,2013,3.57
Iran,IRN,2014,4.51
Iran,IRN,2015,11.2
Iran,IRN,2016,11.72
Iran,IRN,2017,20.46
Iran,IRN,2018,21.73
Iran,IRN,2019,19.82
Iran,IRN,2020,18.68
Iran,IRN,2021,19.88
Iran,IRN,2022,19.18
Iraq,IRQ,2007,13.65
Iraq,IRQ,2012,22.68
Iraq,IRQ,2021,17.53
Ireland,IRL,2000,35.25
Ireland,IRL,2001,39.89
Ireland,IRL,2002,38.66
Ireland,IRL,2003,40.8
Ireland,IRL,2004,39.72
Ireland,IRL,2005,42.76
Ireland,IRL,2006,41.79
Ireland,IRL,2007,40.26
Ireland,IRL,2008,42.22
Ireland,IRL,2009,40.97
Ireland,IRL,2010,40.71
Ireland,IRL,2011,30.42
Ireland,IRL,2012,30.6
Ireland,IRL,2013,30.49
Ireland,IRL,2014,31.62
Ireland,IRL,2015,30.89
Ireland,IRL,2016,32.37
Ireland,IRL,2017,31.9
Ireland,IRL,2018,33.53
Ireland,IRL,2019,31.26
Ireland,IRL,2020,32.25
Ireland,IRL,2021,34.16
Ireland,IRL,2022,35.13
Israel,ISR,2012,31.7
Israel,ISR,2013,32.5
Israel,ISR,2014,32.41
Israel,ISR,2015,31.93
Israel,ISR,2016,34.33
Israel,ISR,2017,34.84
Israel,ISR,2018,33.45
Israel,ISR,2019,30.83
Israel,ISR,2020,28.78
Israel,ISR,2021,30.06
Israel,ISR,2022,33.38
Italy,ITA,2000,14.28
Italy,ITA,2001,18.84
Italy,ITA,2002,20.14
Italy,ITA,2003,20.9
Italy,ITA,2004,18.75
Italy,ITA,2005,19.64
Italy,ITA,2006,21.77
Italy,ITA,2007,21.95
Italy,ITA,2008,21.6
Italy,ITA,2009,21.67
Italy,ITA,2010,21.29
Italy,ITA,2011,21.65
Italy,ITA,2012,22.31
Italy,ITA,2013,22.18
Italy,ITA,2014,22.07
Italy,ITA,2015,21.99
Italy,ITA,2016,22.37
Italy,ITA,2017,22.69
Italy,ITA,2018,23.49
Italy,ITA,2019,23.65
Italy,ITA,2020,23.4
Italy,ITA,2021,24.4
Italy,ITA,2022,23.36
Jamaica,JAM,2008,61.37
Jamaica,JAM,2009,61.45
Jamaica,JAM,2010,63.27
Jamaica,JAM,2011,60.26
Jamaica,JAM,2012,62.51
Jamaica,JAM,2013,63.98
Jamaica,JAM,2014,63.91
Japan,JPN,2000,9.41
Japan,JPN,2001,9.16
Japan,JPN,2002,9.71
Japan,JPN,2003,9.49
Japan,JPN,2004,9.54
Japan,JPN,2005,9.93
Japan,JPN,2006,10.21
Japan,JPN,2007,9.51
Japan,JPN,2008,9.53
Japan,JPN,2009,10.23
Japan,JPN,2010,10.41
Japan,JPN,2011,11.74
Japan,JPN,2012,11.31
Japan,JPN,2013,10.85
Japan,JPN,2014,11.39
Japan,JPN,2015,12.05
Japan,JPN,2016,13.33
Japan,JPN,2017,12.78
Japan,JPN,2018,14.38
Japan,JPN,2019,14.72
Japan,JPN,2020,13.06
Jordan,JOR,2017,63.3
Jordan,JOR,2018,58.19
Jordan,JOR,2019,61.96
Jordan,JOR,2020,60.25
Jordan,JOR,2021,57.24
Kenya,KEN,2019,49.62
Kiribati,KIR,2015,37.22
Kiribati,KIR,2019,38.48
Kiribati,KIR,2020,40.9
Kyrgyzstan,KGZ,2010,32.35
Kyrgyzstan,KGZ,2011,29.09
Kyrgyzstan,KGZ,2012,32.19
Kyrgyzstan,KGZ,2013,27.54
Kyrgyzstan,KGZ,2014,33.44
Kyrgyzstan,KGZ,2015,36.15
Kyrgyzstan,KGZ,2016,35.16
Kyrgyzstan,KGZ,2017,34.19
Kyrgyzstan,KGZ,2018,37.78
Kyrgyzstan,KGZ,2019,40.86
Kyrgyzstan,KGZ,2020,42.47
Kyrgyzstan,KGZ,2021,35.81
Laos,LAO,2017,23.41
Laos,LAO,2022,25.68
Latvia,LVA,2000,37.07
Latvia,LVA,2001,39.98
Latvia,LVA,2002,38.09
Latvia,LVA,2003,45.38
Latvia,LVA,2004,42.47
Latvia,LVA,2005,42
Latvia,LVA,2006,40.86
Latvia,LVA,2007,42.11
Latvia,LVA,2008,41.25
Latvia,LVA,2009,41.46
Latvia,LVA,2010,39.08
Latvia,LVA,2011,44.34
Latvia,LVA,2012,44.64
Latvia,LVA,2013,42.22
Latvia,LVA,2014,42.05
Latvia,LVA,2015,44.26
Latvia,LVA,2016,46.3
Latvia,LVA,2017,45
Latvia,LVA,2018,43.63
Latvia,LVA,2019,41.74
Latvia,LVA,2020,52.2
Latvia,LVA,2021,42.82
Latvia,LVA,2022,44.5
Lebanon,LBN,2019,28.87
Lesotho,LSO,2019,31.66
Liberia,LBR,2010,21.38
Liberia,LBR,2017,26.06
Lithuania,LTU,2000,42.48
Lithuania,LTU,2001,50.03
Lithuania,LTU,2002,48.45
Lithuania,LTU,2003,41.49
Lithuania,LTU,2004,46.8
Lithuania,LTU,2005,44.96
Lithuania,LTU,2006,42.76
Lithuania,LTU,2007,40.28
Lithuania,LTU,2008,41.45
Lithuania,LTU,2009,40.29
Lithuania,LTU,2010,41.98
Lithuania,LTU,2011,36.47
Lithuania,LTU,2012,35.3
Lithuania,LTU,2013,36.46
Lithuania,LTU,2014,35.36
Lithuania,LTU,2015,38.1
Lithuania,LTU,2016,38.82
Lithuania,LTU,2017,37.92
Lithuania,LTU,2018,38.16
Lithuania,LTU,2019,38.59
Lithuania,LTU,2020,37.33
Lithuania,LTU,2021,36.18
Lithuania,LTU,2022,37.01
Luxembourg,LUX,2000,24.13
Luxembourg,LUX,2001,11.1
Luxembourg,LUX,2002,14.97
Luxembourg,LUX,2003,11.17
Luxembourg,LUX,2004,12.17
Luxembourg,LUX,2005,9.35
Luxembourg,LUX,2006,21.16
Luxembourg,LUX,2007,9.74
Luxembourg,LUX,2008,15.31
Luxembourg,LUX,2009,15.02
Luxembourg,LUX,2010,19.99
Luxembourg,LUX,2011,17.62
Luxembourg,LUX,2012,16.88
Luxembourg,LUX,2013,14.71
Luxembourg,LUX,2014,17.73
Luxembourg,LUX,2015,15.46
Luxembourg,LUX,2016,25.4
Luxembourg,LUX,2017,13.54
Luxembourg,LUX,2018,23.67
Luxembourg,LUX,2019,26.56
Luxembourg,LUX,2020,29.13
Luxembourg,LUX,2021,20.2
Luxembourg,LUX,2022,26.46
Madagascar,MDG,2012,24.56
Madagascar,MDG,2015,31.77
Maldives,MDV,2009,16.66
Maldives,MDV,2014,20.78
Maldives,MDV,2016,19.52
Maldives,MDV,2019,22.59
Malta,MLT,2009,21.39
Malta,MLT,2010,22.71
Marshall Islands,MHL,2019,25.08
Marshall Islands,MHL,2021,32.71
Mauritius,MUS,2001,19.61
Mauritius,MUS,2002,18.86
Mauritius,MUS,2003,24.32
Mauritius,MUS,2004,20.5
Mauritius,MUS,2005,24.69
Mauritius,MUS,2006,15.33
Mauritius,MUS,2007,20.19
Mauritius,MUS,2008,23
Mauritius,MUS,2009,25.6
Mauritius,MUS,2010,26.19
Mauritius,MUS,2011,21.33
Mauritius,MUS,2012,23.09
Mauritius,MUS,2013,28.93
Mauritius,MUS,2014,27.26
Mauritius,MUS,2015,27.77
Mauritius,MUS,2016,29.5
Mauritius,MUS,2017,30.82
Mauritius,MUS,2018,31.03
Mauritius,MUS,2021,40.04
Mauritius,MUS,2022,27.03
Mexico,MEX,2013,35.83
Mexico,MEX,2014,35.95
Mexico,MEX,2015,36.13
Mexico,MEX,2016,36.45
Mexico,MEX,2017,37.28
Mexico,MEX,2018,36.27
Mexico,MEX,2019,36.6
Mexico,MEX,2020,39.74
Mexico,MEX,2021,38.72
Mexico,MEX,2022,39.07
Micronesia (country),FSM,2014,18.19
Mongolia,MNG,2003,31.63
Mongolia,MNG,2006,35.31
Mongolia,MNG,2008,41.6
Mongolia,MNG,2009,38.32
Mongolia,MNG,2010,37.89
Mongolia,MNG,2011,37.92
Mongolia,MNG,2012,38.68
Mongolia,MNG,2013,37.29
Mongolia,MNG,2014,34.16
Mongolia,MNG,2015,37.77
Mongolia,MNG,2016,36.71
Mongolia,MNG,2017,40.01
Mongolia,MNG,2018,35.91
Mongolia,MNG,2019,41.8
Mongolia,MNG,2020,46.42
Mongolia,MNG,2021,42.39
Mongolia,MNG,2022,38.89
Montenegro,MNE,2011,35.69
Montenegro,MNE,2012,23.3
Montenegro,MNE,2013,22.65
Montenegro,MNE,2014,24.63
Montenegro,MNE,2015,17.58
Montenegro,MNE,2016,24.89
Montenegro,MNE,2017,25.42
Montenegro,MNE,2018,23.83
Montenegro,MNE,2019,28.2
Montenegro,MNE,2020,25.25
Montenegro,MNE,2021,28.27
Montserrat,MSR,2020,46.11
Mozambique,MOZ,2015,22.15
Myanmar,MMR,2015,28.34
Myanmar,MMR,2017,31.48
Myanmar,MMR,2018,32.06
Myanmar,MMR,2019,34.14
Myanmar,MMR,2020,40.97
Namibia,NAM,2010,37.69
Namibia,NAM,2012,25.6
Namibia,NAM,2013,48.49
Namibia,NAM,2014,46.67
Namibia,NAM,2016,48.62
Namibia,NAM,2018,48.24
Nauru,NRU,2013,36.52
Nauru,NRU,2021,57.63
Nepal,NPL,2017,13.9
Netherlands,NLD,2000,21.53
Netherlands,NLD,2001,22.4
Netherlands,NLD,2002,21.7
Netherlands,NLD,2003,21.38
Netherlands,NLD,2004,22.33
Netherlands,NLD,2005,22.31
Netherlands,NLD,2006,24.23
Netherlands,NLD,2007,25.76
Netherlands,NLD,2008,25.68
Netherlands,NLD,2009,26.08
Netherlands,NLD,2010,27.22
Netherlands,NLD,2011,28.31
Netherlands,NLD,2012,28.75
Netherlands,NLD,2013,21.99
Netherlands,NLD,2014,24.79
Netherlands,NLD,2015,22.94
Netherlands,NLD,2016,24.84
Netherlands,NLD,2017,25.49
Netherlands,NLD,2018,24.11
Netherlands,NLD,2019,28.4
Netherlands,NLD,2020,23.21
Netherlands,NLD,2021,26.33
Netherlands,NLD,2022,29.1
Nicaragua,NIC,2001,28.4
Nicaragua,NIC,2012,49.73
Nicaragua,NIC,2014,53.68
Niger,NER,2017,21.62
Nigeria,NGA,2011,28.91
Nigeria,NGA,2013,35.38
Nigeria,NGA,2022,57.18
Niue,NIU,2017,38.46
Niue,NIU,2022,40.66
North Macedonia,MKD,2006,26.44
North Macedonia,MKD,2007,29.31
North Macedonia,MKD,2008,28.54
North Macedonia,MKD,2009,26.76
North Macedonia,MKD,2010,26.96
North Macedonia,MKD,2011,26.5
North Macedonia,MKD,2012,23.28
North Macedonia,MKD,2013,24.67
North Macedonia,MKD,2014,25.95
North Macedonia,MKD,2015,23
North Macedonia,MKD,2016,27.27
North Macedonia,MKD,2017,22.54
North Macedonia,MKD,2018,28.21
North Macedonia,MKD,2019,28.15
North Macedonia,MKD,2020,24.17
North Macedonia,MKD,2021,24.99
North Macedonia,MKD,2022,29.8
Norway,NOR,2000,24.74
Norway,NOR,2001,25.64
Norway,NOR,2002,27.66
Norway,NOR,2003,28.18
Norway,NOR,2004,29.71
Norway,NOR,2005,31.04
Norway,NOR,2006,30.66
Norway,NOR,2007,33.87
Norway,NOR,2008,31.88
Norway,NOR,2009,35.13
Norway,NOR,2010,35.56
Norway,NOR,2011,30.91
Norway,NOR,2012,33.3
Norway,NOR,2013,32.23
Norway,NOR,2014,31.07
Norway,NOR,2015,34.34
Norway,NOR,2016,34.01
Norway,NOR,2017,35.86
Norway,NOR,2018,33.06
Norway,NOR,2019,32.38
Norway,NOR,2020,32.43
Norway,NOR,2021,30.66
Norway,NOR,2022,32.46
Pakistan,PAK,2006,7.62
Pakistan,PAK,2007,6.08
Pakistan,PAK,2008,5.23
Pakistan,PAK,2009,5.7
Pakistan,PAK,2010,6.4
Pakistan,PAK,2011,5.75
Pakistan,PAK,2012,3.48
Pakistan,PAK,2013,4.22
Pakistan,PAK,2014,5.95
Pakistan,PAK,2015,3.95
Pakistan,PAK,2016,7.06
Pakistan,PAK,2018,6.58
Pakistan,PAK,2019,6.33
Pakistan,PAK,2021,7.83
Palau,PLW,2014,35.52
Palau,PLW,2020,45.45
Palestine,PSE,2000,23.11
Palestine,PSE,2001,22.89
Palestine,PSE,2002,19.88
Palestine,PSE,2003,23.77
Palestine,PSE,2004,20.16
Palestine,PSE,2005,21.95
Palestine,PSE,2006,19.84
Palestine,PSE,2007,18.39
Palestine,PSE,2008,19.56
Palestine,PSE,2010,21.67
Palestine,PSE,2011,21.46
Palestine,PSE,2012,15.5
Palestine,PSE,2013,16.13
Palestine,PSE,2014,16.45
Palestine,PSE,2015,16.22
Palestine,PSE,2016,20.59
Palestine,PSE,2017,16.73
Palestine,PSE,2018,17.83
Palestine,PSE,2019,21.66
Palestine,PSE,2020,22.57
Palestine,PSE,2021,22.06
Palestine,PSE,2022,21.07
Panama,PAN,2003,44.03
Panama,PAN,2008,39.77
Panama,PAN,2011,45.82
Panama,PAN,2012,46.52
Panama,PAN,2013,40.61
Panama,PAN,2014,43.54
Panama,PAN,2023,47.01
Papua New Guinea,PNG,2010,19.29
Papua New Guinea,PNG,2022,17.74
Peru,PER,2022,32.93
Philippines,PHL,2007,38.78
Philippines,PHL,2008,41.68
Philippines,PHL,2009,42.76
Philippines,PHL,2010,42.2
Philippines,PHL,2011,41.17
Philippines,PHL,2012,42.16
Philippines,PHL,2013,43.01
Philippines,PHL,2014,41.76
Philippines,PHL,2015,42.72
Philippines,PHL,2016,23.85
Philippines,PHL,2017,23.24
Philippines,PHL,2018,25.51
Philippines,PHL,2019,29.31
Philippines,PHL,2020,35.43
Philippines,PHL,2021,37.96
Philippines,PHL,2022,41.32
Poland,POL,2000,31.35
Poland,POL,2001,27.67
Poland,POL,2002,29.32
Poland,POL,2003,33.98
Poland,POL,2004,35.35
Poland,POL,2005,34.06
Poland,POL,2006,36.06
Poland,POL,2007,37.12
Poland,POL,2008,36.2
Poland,POL,2009,36.03
Poland,POL,2010,37.46
Poland,POL,2011,35.91
Poland,POL,2012,35.04
Poland,POL,2013,35.45
Poland,POL,2014,36.36
Poland,POL,2015,37.43
Poland,POL,2016,38.13
Poland,POL,2017,38.19
Poland,POL,2018,39.52
Poland,POL,2019,41.15
Poland,POL,2020,41.44
Poland,POL,2021,39.61
Poland,POL,2022,39.77
Portugal,PRT,2000,21.89
Portugal,PRT,2001,22.64
Portugal,PRT,2002,28.34
Portugal,PRT,2003,27.08
Portugal,PRT,2004,30.05
Portugal,PRT,2005,29.12
Portugal,PRT,2006,31.43
Portugal,PRT,2007,30.81
Portugal,PRT,2008,31.32
Portugal,PRT,2009,34.4
Portugal,PRT,2010,35.71
Portugal,PRT,2011,26.15
Portugal,PRT,2012,27.9
Portugal,PRT,2013,27.61
Portugal,PRT,2014,31.84
Portugal,PRT,2015,30.37
Portugal,PRT,2016,32.25
Portugal,PRT,2017,30.44
Portugal,PRT,2018,32.16
Portugal,PRT,2019,36.97
Portugal,PRT,2020,35.85
Portugal,PRT,2021,33.24
Portugal,PRT,2022,38.25
Romania,ROU,2000,26.8
Romania,ROU,2001,28.46
Romania,ROU,2002,33.25
Romania,ROU,2003,33.22
Romania,ROU,2004,28.88
Romania,ROU,2005,31.69
Romania,ROU,2006,33.69
Romania,ROU,2007,32.55
Romania,ROU,2008,34.34
Romania,ROU,2009,36.4
Romania,ROU,2010,36.28
Romania,ROU,2011,31.85
Romania,ROU,2012,30.83
Romania,ROU,2013,30.58
Romania,ROU,2014,30.73
Romania,ROU,2015,31.53
Romania,ROU,2016,32.42
Romania,ROU,2017,30.09
Romania,ROU,2018,30.06
Romania,ROU,2019,34.19
Romania,ROU,2020,35.13
Romania,ROU,2021,35.79
Romania,ROU,2022,32.49
Russia,RUS,2010,38.6
Russia,RUS,2011,39.52
Russia,RUS,2012,39.09
Russia,RUS,2013,38.38
Russia,RUS,2014,38.06
Russia,RUS,2015,38.69
Russia,RUS,2016,40.37
Russia,RUS,2017,39.3
Russia,RUS,2018,39.75
Russia,RUS,2019,41.99
Russia,RUS,2020,43.18
Russia,RUS,2021,43.77
Russia,RUS,2022,41.18
Rwanda,RWA,2017,36.3
Rwanda,RWA,2018,33.22
Rwanda,RWA,2020,34.19
Rwanda,RWA,2021,35.41
Rwanda,RWA,2022,25
Samoa,WSM,2012,41.63
Samoa,WSM,2017,42.99
Senegal,SEN,2015,26.16
Senegal,SEN,2016,26.2
Senegal,SEN,2019,21.03
Serbia,SRB,2007,33.57
Serbia,SRB,2008,36.57
Serbia,SRB,2009,39.41
Serbia,SRB,2010,34.62
Serbia,SRB,2011,32.8
Serbia,SRB,2012,29.07
Serbia,SRB,2013,32.68
Serbia,SRB,2014,31.46
Serbia,SRB,2015,30.9
Serbia,SRB,2016,30.89
Serbia,SRB,2017,30.26
Serbia,SRB,2018,29.79
Serbia,SRB,2019,33.57
Serbia,SRB,2020,32.6
Serbia,SRB,2021,34.24
Serbia,SRB,2022,39.51
Seychelles,SYC,2014,44.87
Seychelles,SYC,2015,49
Seychelles,SYC,2016,43.79
Seychelles,SYC,2019,47.35
Seychelles,SYC,2020,40
Sierra Leone,SLE,2014,38.53
Sierra Leone,SLE,2018,21.49
Singapore,SGP,2021,38.54
Singapore,SGP,2022,40.65
Slovakia,SVK,2000,30.75
Slovakia,SVK,2001,30.57
Slovakia,SVK,2002,31.37
Slovakia,SVK,2003,34.62
Slovakia,SVK,2004,32.37
Slovakia,SVK,2005,30.76
Slovakia,SVK,2006,27.39
Slovakia,SVK,2007,31.83
Slovakia,SVK,2008,29.15
Slovakia,SVK,2009,31.68
Slovakia,SVK,2010,34.88
Slovakia,SVK,2011,28.63
Slovakia,SVK,2012,30.4
Slovakia,SVK,2013,29.88
Slovakia,SVK,2014,27.88
Slovakia,SVK,2015,27.82
Slovakia,SVK,2016,34.32
Slovakia,SVK,2017,30.58
Slovakia,SVK,2018,30.37
Slovakia,SVK,2019,33.35
Slovakia,SVK,2020,34.53
Slovakia,SVK,2021,35.24
Slovakia,SVK,2022,35.59
Slovenia,SVN,2000,34.61
Slovenia,SVN,2001,36.43
Slovenia,SVN,2002,35.77
Slovenia,SVN,2003,41.92
Slovenia,SVN,2004,40.2
Slovenia,SVN,2005,42.02
Slovenia,SVN,2006,41.97
Slovenia,SVN,2007,37.55
Slovenia,SVN,2008,43.29
Slovenia,SVN,2009,44.65
Slovenia,SVN,2010,43.25
Slovenia,SVN,2011,38.92
Slovenia,SVN,2012,40.26
Slovenia,SVN,2013,38.55
Slovenia,SVN,2014,36.5
Slovenia,SVN,2015,36.98
Slovenia,SVN,2016,41.77
Slovenia,SVN,2017,41.89
Slovenia,SVN,2018,38.22
Slovenia,SVN,2019,40.51
Slovenia,SVN,2020,40.62
Slovenia,SVN,2021,33.52
Slovenia,SVN,2022,33.17
Solomon Islands,SLB,2013,25.08
Somalia,SOM,2019,27.68
South Africa,ZAF,2000,22.58
South Africa,ZAF,2001,22.5
South Africa,ZAF,2002,25.57
South Africa,ZAF,2003,27.65
South Africa,ZAF,2004,26.83
South Africa,ZAF,2005,30.48
South Africa,ZAF,2006,31.4
South Africa,ZAF,2007,32
South Africa,ZAF,2008,31.46
South Africa,ZAF,2009,33.23
South Africa,ZAF,2010,32.05
South Africa,ZAF,2011,33.65
South Africa,ZAF,2012,34.77
South Africa,ZAF,2013,33.12
South Africa,ZAF,2014,34.29
South Africa,ZAF,2015,33.89
South Africa,ZAF,2016,35.73
South Africa,ZAF,2017,35.23
South Africa,ZAF,2018,33.93
South Africa,ZAF,2019,33.26
South Africa,ZAF,2020,35.07
South Africa,ZAF,2021,35.19
South Africa,ZAF,2022,36.53
Spain,ESP,2000,15.65
Spain,ESP,2001,17.5
Spain,ESP,2002,18.13
Spain,ESP,2003,15.84
Spain,ESP,2004,18.99
Spain,ESP,2005,21.48
Spain,ESP,2006,22.98
Spain,ESP,2007,23.23
Spain,ESP,2008,24.47
Spain,ESP,2009,25.06
Spain,ESP,2010,24.05
Spain,ESP,2011,28.09
Spain,ESP,2012,27.97
Spain,ESP,2013,30.2
Spain,ESP,2014,27.52
Spain,ESP,2015,31.37
Spain,ESP,2016,30.67
Spain,ESP,2017,26.36
Spain,ESP,2018,34.64
Spain,ESP,2019,30.5
Spain,ESP,2020,37.49
Spain,ESP,2021,33.21
Spain,ESP,2022,35.91
Sri Lanka,LKA,2010,23.73
Sri Lanka,LKA,2011,25.35
Sri Lanka,LKA,2013,23.48
Sri Lanka,LKA,2014,24
Sri Lanka,LKA,2015,23.74
Sri Lanka,LKA,2016,25.64
Sri Lanka,LKA,2017,23.17
Sri Lanka,LKA,2018,22.52
Sri Lanka,LKA,2019,25.64
Sri Lanka,LKA,2020,26.07
Sudan,SDN,2022,13.06
Suriname,SUR,2016,42.17
Sweden,SWE,2000,27.41
Sweden,SWE,2001,31.22
Sweden,SWE,2002,32.14
Sweden,SWE,2003,30.52
Sweden,SWE,2004,31.59
Sweden,SWE,2005,29.13
Sweden,SWE,2006,31.74
Sweden,SWE,2007,31.02
Sweden,SWE,2008,30.82
Sweden,SWE,2009,31.13
Sweden,SWE,2010,31.34
Sweden,SWE,2011,33.52
Sweden,SWE,2012,34.49
Sweden,SWE,2013,35.51
Sweden,SWE,2014,37.45
Sweden,SWE,2015,39.79
Sweden,SWE,2016,39.51
Sweden,SWE,2017,39.45
Sweden,SWE,2018,39.03
Sweden,SWE,2019,41.9
Sweden,SWE,2020,43.09
Sweden,SWE,2021,44.14
Sweden,SWE,2022,42.19
Switzerland,CHE,2000,22.47
Switzerland,CHE,2001,21.42
Switzerland,CHE,2002,24.8
Switzerland,CHE,2003,25.31
Switzerland,CHE,2004,24.81
Switzerland,CHE,2005,24.26
Switzerland,CHE,2006,26.53
Switzerland,CHE,2007,25.78
Switzerland,CHE,2008,25.01
Switzerland,CHE,2009,27.86
Switzerland,CHE,2010,28.08
Switzerland,CHE,2011,28.57
Switzerland,CHE,2012,28.58
Switzerland,CHE,2013,28.06
Switzerland,CHE,2014,28.93
Switzerland,CHE,2015,31.22
Switzerland,CHE,2016,31.18
Switzerland,CHE,2017,29.12
Switzerland,CHE,2018,31.04
Switzerland,CHE,2019,32.56
Switzerland,CHE,2020,31.79
Switzerland,CHE,2021,30.27
Switzerland,CHE,2022,29.88
Tajikistan,TJK,2007,13.85
Tajikistan,TJK,2009,16.3
Tanzania,TZA,2001,11.72
Tanzania,TZA,2006,17.45
Tanzania,TZA,2012,20.55
Tanzania,TZA,2014,17.34
Tanzania,TZA,2020,27.91
Thailand,THA,2000,18.24
Thailand,THA,2007,21.03
Thailand,THA,2010,24.35
Thailand,THA,2013,27.09
Thailand,THA,2014,29.37
Thailand,THA,2015,29.83
Thailand,THA,2016,29.53
Thailand,THA,2017,30.76
Thailand,THA,2018,30.87
Thailand,THA,2019,30.96
Thailand,THA,2020,33.21
Thailand,THA,2021,32.04
Thailand,THA,2022,33.13
Togo,TGO,2017,29.52
Tokelau,TKL,2016,21.09
Tokelau,TKL,2022,36.54
Tonga,TON,2018,40.34
Tonga,TON,2021,31.97
Trinidad and Tobago,TTO,2019,45.25
Trinidad and Tobago,TTO,2020,46.74
Trinidad and Tobago,TTO,2021,43.62
Trinidad and Tobago,TTO,2022,46.55
Tunisia,TUN,2009,18.25
Tunisia,TUN,2010,19.26
Tunisia,TUN,2014,16.69
Tunisia,TUN,2019,25.99
Turkey,TUR,2004,16.52
Turkey,TUR,2005,15.7
Turkey,TUR,2006,17.23
Turkey,TUR,2007,18.05
Turkey,TUR,2008,19.42
Turkey,TUR,2009,20.06
Turkey,TUR,2010,18.76
Turkey,TUR,2011,18.66
Turkey,TUR,2012,14.35
Turkey,TUR,2013,16.57
Turkey,TUR,2014,15.5
Turkey,TUR,2015,14.48
Turkey,TUR,2016,16.73
Turkey,TUR,2017,17.26
Turkey,TUR,2018,16.34
Turkey,TUR,2019,17.52
Turkey,TUR,2020,19.28
Turkey,TUR,2021,20.65
Turkey,TUR,2022,19.64
Tuvalu,TUV,2016,36.72
Tuvalu,TUV,2017,36.7
Tuvalu,TUV,2022,35.66
Uganda,UGA,2012,31.47
Uganda,UGA,2014,24.78
Uganda,UGA,2017,27.5
Uganda,UGA,2019,30.55
Uganda,UGA,2021,27.67
Ukraine,UKR,2018,40.78
Ukraine,UKR,2019,42.44
Ukraine,UKR,2020,43.1
Ukraine,UKR,2021,44.09
United Arab Emirates,ARE,2017,12.17
United Arab Emirates,ARE,2018,15.75
United Arab Emirates,ARE,2020,17.73
United Arab Emirates,ARE,2021,23.57
United Arab Emirates,ARE,2022,23.46
United Kingdom,GBR,2000,34.69
United Kingdom,GBR,2001,29.62
United Kingdom,GBR,2002,31.39
United Kingdom,GBR,2003,31.47
United Kingdom,GBR,2004,32.46
United Kingdom,GBR,2005,33.65
United Kingdom,GBR,2006,34.54
United Kingdom,GBR,2007,34.22
United Kingdom,GBR,2008,33.87
United Kingdom,GBR,2009,36.46
United Kingdom,GBR,2010,36.45
United Kingdom,GBR,2011,31.8
United Kingdom,GBR,2012,32.65
United Kingdom,GBR,2013,31.93
United Kingdom,GBR,2014,32.17
United Kingdom,GBR,2015,33.2
United Kingdom,GBR,2016,32.91
United Kingdom,GBR,2017,33.62
United Kingdom,GBR,2018,34.59
United Kingdom,GBR,2019,35.37
United States,USA,2003,37.38
United States,USA,2004,37.27
United States,USA,2005,37.56
United States,USA,2006,36.95
United States,USA,2007,37.95
United States,USA,2008,37.95
United States,USA,2009,38.07
United States,USA,2010,38.8
United States,USA,2011,38.59
United States,USA,2012,39.07
United States,USA,2013,38.75
United States,USA,2014,38.8
United States,USA,2015,39.37
United States,USA,2016,39.73
United States,USA,2017,40.53
United States,USA,2018,40.47
United States,USA,2019,40.85
United States,USA,2020,42.29
United States,USA,2021,43.2
United States,USA,2022,42.83
United States,USA,2023,44.36
Uruguay,URY,2001,15.09
Uruguay,URY,2002,13.71
Uruguay,URY,2003,13.26
Uruguay,URY,2004,11.39
Uruguay,URY,2005,17.28
Uruguay,URY,2006,13.72
Uruguay,URY,2007,22.12
Uruguay,URY,2008,17.88
Uruguay,URY,2009,22.52
Uruguay,URY,2010,23.65
Uruguay,URY,2011,31.24
Uruguay,URY,2012,36.47
Uruguay,URY,2013,34.18
Uruguay,URY,2014,31.8
Uruguay,URY,2015,34.01
Uruguay,URY,2016,33.67
Uruguay,URY,2017,35.05
Uruguay,URY,2018,37.27
Uruguay,URY,2019,36.51
Uruguay,URY,2020,39.88
Uruguay,URY,2021,39.82
Uruguay,URY,2022,35.93
Vanuatu,VUT,2006,15.65
Vanuatu,VUT,2009,28.54
Vanuatu,VUT,2019,22.55
Vanuatu,VUT,2020,36.21
Vietnam,VNM,2007,16.33
Vietnam,VNM,2010,8.26
Vietnam,VNM,2011,10.98
Vietnam,VNM,2012,12.94
Vietnam,VNM,2013,8.13
Vietnam,VNM,2014,11.23
Vietnam,VNM,2015,13.57
Vietnam,VNM,2016,15.31
Vietnam,VNM,2017,14.55
Vietnam,VNM,2018,14.82
Vietnam,VNM,2019,14.56
Vietnam,VNM,2020,22.73
Vietnam,VNM,2021,15.51
Vietnam,VNM,2022,17.07
Wallis and Futuna,WLF,2019,25.08
Yemen,YEM,2014,4.5
Zambia,ZMB,2017,29.59
Zambia,ZMB,2018,40.21
Zambia,ZMB,2019,29.95
Zambia,ZMB,2020,39.62
Zambia,ZMB,2021,39.51
Zambia,ZMB,2022,36.46
Zimbabwe,ZWE,2011,22.76
Zimbabwe,ZWE,2019,28.07
Zimbabwe,ZWE,2021,28.15
